Week,None,D0-D4,D1-D4,D2-D4,D3-D4,D4
2000-01-04,57.29,42.71,19.61,7.9,0.0,0.0
2000-01-11,38.2,61.8,24.93,9.9,0.0,0.0
2000-01-18,43.26,56.74,21.75,8.67,0.0,0.0
2000-01-25,30.74,69.26,25.48,10.11,0.0,0.0
2000-02-01,34.99,65.01,28.97,10.22,0.0,0.0
2000-02-08,36.07,63.93,29.39,11.03,0.0,0.0
2000-02-15,47.17,52.83,26.77,9.13,0.0,0.0
2000-02-22,43.35,56.65,30.72,10.95,0.0,0.0
2000-02-29,45.46,54.54,32.56,14.07,0.0,0.0
2000-03-07,45.92,54.08,32.17,15.08,0.0,0.0
2000-03-14,51.59,48.41,30.55,16.07,0.0,0.0
2000-03-21,52.02,47.98,29.82,15.63,0.0,0.0
2000-03-28,54.69,45.31,26.54,12.47,0.0,0.0
2000-04-04,51.49,48.51,25.61,14.46,0.0,0.0
2000-04-11,62.16,37.84,22.19,11.43,0.0,0.0
2000-04-18,53.06,46.94,26.6,14.6,0.0,0.0
2000-04-25,63.2,36.8,20.42,10.91,1.24,0.0
2000-05-02,55.43,44.57,25.69,13.22,1.66,0.0
2000-05-09,62.87,37.13,20.76,10.73,1.39,0.0
2000-05-16,60.21,39.79,23.81,13.02,2.5,0.0
2000-05-23,64.63,35.37,19.99,11.84,3.0,0.0
2000-05-30,62.06,37.94,24.17,13.69,5.09,0.26
2000-06-06,68.61,31.39,17.97,10.7,4.52,0.25
2000-06-13,63.01,36.99,19.72,11.9,6.13,1.28
2000-06-20,64.25,35.75,19.13,11.86,5.62,1.37
2000-06-27,55.16,44.84,23.72,12.48,4.48,1.66
2000-07-04,57.5,42.5,17.76,8.15,4.28,1.26
2000-07-11,56.43,43.57,20.31,8.11,4.65,1.65
2000-07-18,55.65,44.35,18.87,7.42,4.57,1.77
2000-07-25,56.81,43.19,19.24,7.88,4.36,2.16
2000-08-01,58.33,41.67,20.29,8.74,4.13,2.01
2000-08-08,48.87,51.13,24.5,10.76,4.47,2.14
2000-08-15,56.7,43.3,23.11,10.95,3.69,1.66
2000-08-22,49.9,50.1,29.13,13.89,5.39,2.39
2000-08-29,52.85,47.15,27.02,13.24,5.74,2.06
2000-09-05,52.06,47.94,29.06,16.22,6.75,2.18
2000-09-12,52.86,47.14,32.28,20.28,7.44,1.43
2000-09-19,51.09,48.91,33.37,21.9,7.0,1.37
2000-09-26,51.58,48.42,32.09,20.06,5.76,0.62
2000-10-03,39.53,60.47,40.99,26.17,6.99,0.74
2000-10-10,40.51,59.49,41.03,24.29,5.87,0.46
2000-10-17,40.2,59.8,40.97,22.21,7.09,1.05
2000-10-24,35.77,64.23,39.24,17.21,7.69,1.69
2000-10-31,40.25,59.75,34.7,16.97,9.1,2.63
2000-11-07,54.68,45.32,19.92,12.44,7.49,0.99
2000-11-14,69.11,30.89,15.81,9.97,4.87,0.6
2000-11-21,70.05,29.95,14.8,8.94,2.21,0.0
2000-11-28,64.43,35.57,16.21,9.04,0.71,0.0
2000-12-05,66.14,33.86,16.74,9.06,0.81,0.14
2000-12-12,72.21,27.79,14.26,7.76,0.92,0.21
2000-12-19,75.39,24.61,12.82,6.29,0.74,0.25
2000-12-26,76.73,23.27,12.05,6.28,0.8,0.3
2001-01-02,70.82,29.18,13.94,6.15,0.96,0.33
2001-01-09,68.35,31.65,14.3,6.53,1.42,0.33
2001-01-16,74.71,25.29,12.07,5.13,1.29,0.28
2001-01-23,56.57,43.43,12.85,5.71,0.96,0.35
2001-01-30,67.34,32.66,9.92,4.19,0.74,0.29
2001-02-06,67.59,32.41,10.15,4.57,0.86,0.28
2001-02-13,62.79,37.21,22.19,5.6,1.61,0.61
2001-02-20,65.55,34.45,21.69,5.63,1.72,0.64
2001-02-27,70.78,29.22,18.22,4.76,1.45,0.61
2001-03-06,72.05,27.95,17.88,4.61,1.39,0.59
2001-03-13,71.45,28.55,17.7,7.91,1.33,0.59
2001-03-20,65.95,34.05,21.51,9.91,1.51,0.68
2001-03-27,68.45,31.55,17.76,8.33,1.23,0.54
2001-04-03,61.84,38.16,20.58,10.13,1.42,0.18
2001-04-10,70.26,29.74,17.78,8.48,1.2,0.17
2001-04-17,70.65,29.35,17.9,8.53,1.29,0.22
2001-04-24,70.52,29.48,18.55,8.63,1.29,0.22
2001-05-01,69.08,30.92,20.9,8.73,1.29,0.22
2001-05-08,60.26,39.74,23.89,11.03,1.66,0.22
2001-05-15,59.35,40.65,26.7,12.82,2.34,0.38
2001-05-22,61.28,38.72,26.73,11.17,2.15,0.41
2001-05-29,62.43,37.57,25.26,11.36,2.05,0.41
2001-06-05,60.31,39.69,26.98,13.08,2.34,0.4
2001-06-12,68.35,31.65,21.28,10.63,1.7,0.08
2001-06-19,57.18,42.82,24.49,14.49,1.92,0.0
2001-06-26,54.68,45.32,26.1,16.37,1.99,0.0
2001-07-03,59.65,40.35,22.56,14.89,3.35,0.0
2001-07-10,57.32,42.68,25.8,16.77,3.79,0.0
2001-07-17,51.02,48.98,26.2,17.69,3.56,0.0
2001-07-24,47.18,52.82,27.64,17.01,3.53,0.0
2001-07-31,55.8,44.2,25.95,14.86,4.37,0.0
2001-08-07,48.63,51.37,31.03,18.45,5.23,0.0
2001-08-14,51.19,48.81,30.88,18.58,5.0,0.0
2001-08-21,54.08,45.92,30.97,19.19,7.18,0.0
2001-08-28,60.22,39.78,25.47,16.68,7.11,0.0
2001-09-04,57.91,42.09,23.9,15.81,7.43,0.0
2001-09-11,57.43,42.57,25.16,16.66,7.83,0.0
2001-09-18,59.46,40.54,24.78,16.66,7.83,0.0
2001-09-25,63.35,36.65,23.78,16.54,7.84,0.0
2001-10-02,62.99,37.01,23.64,15.84,8.06,0.0
2001-10-09,60.29,39.71,24.41,15.84,8.36,0.0
2001-10-16,61.31,38.69,23.97,16.01,8.36,0.0
2001-10-23,56.51,43.49,26.29,16.48,8.36,0.0
2001-10-30,53.64,46.36,29.86,17.47,8.33,0.0
2001-11-06,51.46,48.54,31.16,18.65,9.54,0.0
2001-11-13,38.78,61.22,39.14,23.13,11.41,0.0
2001-11-20,48.93,51.07,32.76,20.55,9.25,0.0
2001-11-27,52.79,47.21,31.75,19.99,9.13,0.0
2001-12-04,44.08,55.92,38.67,23.69,9.42,0.0
2001-12-11,54.54,45.46,31.03,18.3,7.26,0.0
2001-12-18,46.77,53.23,36.96,23.03,8.65,0.0
2001-12-25,46.66,53.34,36.36,22.6,8.12,0.0
2002-01-01,46.54,53.46,36.64,22.71,8.75,0.0
2002-01-08,54.46,45.54,29.01,16.94,5.27,0.0
2002-01-15,52.93,47.07,28.13,15.26,4.82,0.0
2002-01-22,52.81,47.19,27.55,14.84,4.72,0.0
2002-01-29,52.12,47.88,27.05,13.95,4.43,0.0
2002-02-05,42.35,57.65,32.1,16.52,5.51,0.0
2002-02-12,41.34,58.66,33.81,16.58,5.27,0.0
2002-02-19,49.28,50.72,29.58,14.01,4.71,0.0
2002-02-26,36.12,63.88,36.22,18.11,5.76,0.0
2002-03-05,46.85,53.15,30.53,15.17,4.73,0.0
2002-03-12,41.19,58.81,36.71,18.01,5.65,0.0
2002-03-19,42.55,57.45,34.08,16.78,5.53,0.0
2002-03-26,34.39,65.61,41.48,23.37,6.43,0.0
2002-04-02,35.89,64.11,41.21,24.45,5.23,0.0
2002-04-09,45.28,54.72,35.58,21.53,4.68,0.0
2002-04-16,39.5,60.5,43.21,27.43,6.75,0.0
2002-04-23,45.12,54.88,36.06,24.9,7.83,0.0
2002-04-30,46.16,53.84,35.84,25.89,9.98,0.23
2002-05-07,36.39,63.61,43.96,31.68,11.4,0.61
2002-05-14,38.56,61.44,46.77,31.34,16.44,0.65
2002-05-21,47.59,52.41,37.04,25.4,14.1,0.51
2002-05-28,45.99,54.01,38.02,25.83,14.72,2.28
2002-06-04,39.99,60.01,37.23,25.07,14.08,2.26
2002-06-11,37.84,62.16,45.2,30.35,16.68,2.07
2002-06-18,42.7,57.3,39.23,26.56,14.98,2.07
2002-06-25,37.74,62.26,47.82,33.47,19.92,3.5
2002-07-02,40.93,59.07,40.22,28.96,17.48,4.42
2002-07-09,40.37,59.63,39.93,27.69,17.14,4.6
2002-07-16,40.01,59.99,40.55,28.44,17.81,4.61
2002-07-23,34.92,65.08,43.01,30.0,18.84,5.0
2002-07-30,34.13,65.87,42.15,28.95,18.8,5.1
2002-08-06,34.11,65.89,41.85,29.9,19.4,5.83
2002-08-13,34.39,65.61,42.19,29.53,19.56,6.22
2002-08-20,35.1,64.9,49.06,35.12,23.71,7.85
2002-08-27,40.95,59.05,41.2,29.48,19.63,6.19
2002-09-03,32.08,67.92,49.95,36.13,21.43,6.23
2002-09-10,40.62,59.38,45.64,31.78,17.15,4.18
2002-09-17,28.58,71.42,53.51,37.09,19.92,3.88
2002-09-24,43.09,56.91,44.05,29.83,15.7,2.75
2002-10-01,29.08,70.92,48.59,33.39,17.84,3.14
2002-10-08,40.47,59.53,41.94,27.05,14.09,1.75
2002-10-15,32.3,67.7,49.81,31.25,15.86,1.34
2002-10-22,45.96,54.04,40.48,25.38,12.93,1.12
2002-10-29,49.03,50.97,39.11,24.8,12.63,1.13
2002-11-05,49.14,50.86,40.23,25.19,12.32,1.11
2002-11-12,50.54,49.46,35.81,22.2,11.31,0.93
2002-11-19,41.05,58.95,41.88,26.28,13.58,1.15
2002-11-26,50.95,49.05,34.65,21.91,11.31,0.93
2002-12-03,41.04,58.96,42.04,26.6,13.25,1.09
2002-12-10,48.6,51.4,36.59,25.7,11.41,1.05
2002-12-17,42.27,57.73,42.57,30.77,13.9,1.28
2002-12-24,52.59,47.41,35.2,25.61,11.62,1.07
2002-12-31,44.95,55.05,41.24,30.33,14.26,1.28
2003-01-07,42.38,57.62,42.57,31.21,16.3,1.69
2003-01-14,42.22,57.78,44.01,32.18,18.37,2.58
2003-01-21,49.63,50.37,37.02,27.34,17.16,1.97
2003-01-28,48.7,51.3,37.13,27.49,17.43,2.09
2003-02-04,47.94,52.06,37.11,26.75,17.16,1.88
2003-02-11,36.52,63.48,45.28,32.81,20.66,2.32
2003-02-18,48.11,51.89,37.05,26.67,16.81,1.74
2003-02-25,39.15,60.85,43.43,32.48,19.93,2.08
2003-03-04,47.21,52.79,37.46,27.18,16.63,1.67
2003-03-11,45.45,54.55,37.46,27.04,16.13,1.41
2003-03-18,43.14,56.86,40.56,26.47,16.03,1.41
2003-03-25,44.4,55.6,40.11,25.75,14.29,1.02
2003-04-01,44.69,55.31,37.29,24.45,13.03,0.49
2003-04-08,46.7,53.3,35.89,22.71,12.35,0.22
2003-04-15,45.21,54.79,36.32,22.76,12.1,0.19
2003-04-22,46.7,53.3,35.85,22.73,11.99,0.22
2003-04-29,42.38,57.62,36.55,23.63,10.89,0.22
2003-05-06,45.78,54.22,35.82,19.59,9.08,0.22
2003-05-13,50.04,49.96,35.08,17.74,8.67,0.52
2003-05-20,45.97,54.03,42.67,25.49,10.15,0.6
2003-05-27,46.91,53.09,41.97,24.58,10.24,0.6
2003-06-03,45.48,54.52,41.88,24.54,10.13,0.61
2003-06-10,46.64,53.36,39.21,23.86,10.24,1.02
2003-06-17,48.62,51.38,35.41,22.01,10.93,1.0
2003-06-24,48.67,51.33,34.95,22.08,10.71,0.88
2003-07-01,51.8,48.2,30.67,21.72,10.83,0.76
2003-07-08,53.26,46.74,29.54,22.25,11.46,0.81
2003-07-15,46.28,53.72,31.88,23.75,12.51,0.81
2003-07-22,46.13,53.87,38.33,26.04,14.84,1.66
2003-07-29,44.96,55.04,47.09,28.89,15.11,2.15
2003-08-05,42.78,57.22,48.05,30.07,14.93,1.98
2003-08-12,41.14,58.86,48.86,32.48,15.35,1.95
2003-08-19,45.33,54.67,41.47,28.56,14.52,1.77
2003-08-26,43.51,56.49,45.88,31.15,15.77,1.84
2003-09-02,45.79,54.21,43.88,28.79,14.29,1.61
2003-09-09,45.44,54.56,45.44,31.54,15.09,1.85
2003-09-16,47.29,52.71,42.09,28.84,14.35,1.83
2003-09-23,46.88,53.12,42.1,28.31,14.09,1.73
2003-09-30,48.06,51.94,40.51,27.73,14.1,1.75
2003-10-07,50.09,49.91,40.49,28.14,13.99,1.73
2003-10-14,49.33,50.67,38.95,28.57,14.64,1.71
2003-10-21,47.73,52.27,39.05,28.94,14.43,1.7
2003-10-28,46.26,53.74,40.82,29.36,15.27,2.12
2003-11-04,47.27,52.73,40.11,28.37,15.34,2.18
2003-11-11,46.21,53.79,40.91,28.55,15.41,2.79
2003-11-18,47.49,52.51,40.55,28.21,14.79,2.65
2003-11-25,41.22,58.78,47.93,33.55,17.65,3.29
2003-12-02,42.03,57.97,47.76,33.57,17.27,3.35
2003-12-09,41.41,58.59,47.89,33.75,17.19,3.3
2003-12-16,50.8,49.2,39.77,28.36,14.67,2.82
2003-12-23,50.53,49.47,39.78,28.32,14.74,3.11
2003-12-30,43.82,56.18,45.81,33.78,15.99,3.4
2004-01-06,42.23,57.77,45.97,32.54,16.24,3.71
2004-01-13,42.43,57.57,44.4,31.74,15.93,3.15
2004-01-20,44.9,55.1,43.84,31.27,15.59,2.89
2004-01-27,45.58,54.42,42.55,30.97,15.55,3.01
2004-02-03,45.58,54.42,41.87,30.83,14.96,2.97
2004-02-10,50.78,49.22,34.36,25.63,12.11,2.36
2004-02-17,46.59,53.41,41.29,30.75,14.44,2.83
2004-02-24,47.71,52.29,40.97,30.75,14.71,2.83
2004-03-02,48.59,51.41,39.19,28.27,12.54,2.08
2004-03-09,55.32,44.68,32.14,22.99,10.41,1.61
2004-03-16,51.17,48.83,37.71,27.07,12.34,1.93
2004-03-23,52.42,47.58,32.06,22.71,10.57,1.61
2004-03-30,51.68,48.32,31.21,22.67,10.93,1.61
2004-04-06,51.09,48.91,30.09,21.15,8.61,0.54
2004-04-13,49.98,50.02,30.43,21.08,8.65,0.68
2004-04-20,47.96,52.04,32.0,21.72,9.1,0.7
2004-04-27,49.85,50.15,32.45,21.66,8.82,0.7
2004-05-04,45.83,54.17,39.69,26.71,12.02,1.08
2004-05-11,50.73,49.27,32.68,22.53,10.32,0.91
2004-05-18,51.76,48.24,31.18,21.26,10.15,0.93
2004-05-25,42.32,57.68,39.93,25.89,12.92,0.81
2004-06-01,50.99,49.01,32.87,21.51,10.7,0.67
2004-06-08,47.21,52.79,38.56,25.83,12.67,0.58
2004-06-15,56.65,43.35,31.4,21.27,10.49,1.07
2004-06-22,59.0,41.0,30.14,20.3,9.34,1.02
2004-06-29,57.91,42.09,28.2,19.67,9.23,1.02
2004-07-06,54.46,45.54,33.74,23.45,10.57,1.2
2004-07-13,53.65,46.35,33.47,24.19,10.62,1.2
2004-07-20,54.74,45.26,28.73,20.19,8.87,1.19
2004-07-27,55.17,44.83,32.65,23.69,10.73,1.38
2004-08-03,52.57,47.43,28.38,20.09,9.14,1.15
2004-08-10,54.03,45.97,32.95,23.82,11.35,1.26
2004-08-17,56.49,43.51,30.78,19.75,10.02,1.05
2004-08-24,58.14,41.86,30.1,19.26,9.72,1.03
2004-08-31,59.13,40.87,29.74,19.0,9.64,1.01
2004-09-07,61.36,38.64,30.98,22.46,10.71,1.18
2004-09-14,59.55,40.45,30.95,22.18,10.27,0.96
2004-09-21,58.68,41.32,25.58,18.37,8.11,0.78
2004-09-28,56.52,43.48,30.51,21.82,9.69,0.93
2004-10-05,56.61,43.39,27.01,18.03,7.86,0.78
2004-10-12,59.84,40.16,26.47,17.77,8.06,0.83
2004-10-19,57.79,42.21,30.75,20.68,9.62,0.97
2004-10-26,58.84,41.16,29.78,19.25,8.34,0.93
2004-11-02,63.39,36.61,23.89,15.99,6.97,0.78
2004-11-09,63.54,36.46,23.86,15.12,6.73,0.78
2004-11-16,62.97,37.03,23.88,14.84,6.69,0.78
2004-11-23,60.06,39.94,28.44,17.69,7.89,0.93
2004-11-30,65.9,34.1,22.55,13.97,5.43,0.78
2004-12-07,63.43,36.57,27.02,16.49,6.49,0.93
2004-12-14,64.29,35.71,26.88,16.09,6.26,0.9
2004-12-21,62.66,37.34,27.13,16.58,6.39,0.92
2004-12-28,61.24,38.76,27.1,16.51,6.53,0.92
2005-01-04,63.02,36.98,25.64,15.39,5.91,0.77
2005-01-11,60.09,39.91,24.36,13.64,4.85,0.75
2005-01-18,67.41,32.59,20.27,11.19,4.01,0.6
2005-01-25,60.83,39.17,24.65,13.52,5.0,0.72
2005-02-01,67.34,32.66,23.77,11.89,4.07,0.6
2005-02-08,61.25,38.75,27.93,14.1,5.63,1.04
2005-02-15,67.23,32.77,22.76,11.86,4.82,0.87
2005-02-22,60.35,39.65,27.17,15.41,5.84,1.04
2005-03-01,67.92,32.08,22.31,13.59,4.6,1.1
2005-03-08,59.94,40.06,26.76,16.79,5.56,1.33
2005-03-15,66.28,33.72,22.42,14.68,5.59,1.31
2005-03-22,66.63,33.37,22.42,14.68,5.59,1.31
2005-03-29,62.59,37.41,25.91,16.52,5.83,1.51
2005-04-05,69.38,30.62,21.03,13.66,4.75,1.21
2005-04-12,72.58,27.42,19.59,12.9,4.6,1.24
2005-04-19,70.13,29.87,18.53,11.69,4.82,1.28
2005-04-26,64.33,35.67,22.14,13.3,4.75,0.85
2005-05-03,55.75,44.25,21.78,13.19,4.64,0.67
2005-05-10,60.28,39.72,18.81,11.07,2.75,0.0
2005-05-17,66.31,33.69,17.83,8.71,1.58,0.0
2005-05-24,55.47,44.53,22.26,10.67,1.89,0.0
2005-05-31,62.2,37.8,19.92,8.82,1.58,0.0
2005-06-07,55.24,44.76,26.88,8.85,1.08,0.0
2005-06-14,66.23,33.77,20.23,6.41,0.42,0.0
2005-06-21,59.48,40.52,22.96,7.59,0.0,0.0
2005-06-28,58.93,41.07,21.06,8.13,0.59,0.0
2005-07-05,60.02,39.98,22.5,9.55,1.37,0.0
2005-07-12,54.71,45.29,26.45,10.49,1.38,0.0
2005-07-19,51.91,48.09,28.36,11.86,1.5,0.0
2005-07-26,56.87,43.13,24.08,10.06,1.62,0.0
2005-08-02,56.22,43.78,24.48,10.28,1.54,0.0
2005-08-09,48.02,51.98,27.74,11.27,1.83,0.0
2005-08-16,53.5,46.5,25.37,9.78,0.99,0.0
2005-08-23,56.95,43.05,23.46,9.05,0.84,0.0
2005-08-30,62.39,37.61,18.32,7.11,0.7,0.0
2005-09-06,60.49,39.51,18.53,7.94,0.95,0.0
2005-09-13,52.16,47.84,24.5,9.87,1.39,0.0
2005-09-20,57.29,42.71,21.76,7.56,0.83,0.0
2005-09-27,59.57,40.43,19.82,6.01,0.62,0.0
2005-10-04,52.08,47.92,25.04,6.83,0.82,0.0
2005-10-11,63.91,36.09,15.82,4.64,0.7,0.0
2005-10-18,64.31,35.69,15.5,4.27,0.67,0.0
2005-10-25,53.45,46.55,20.22,5.3,1.0,0.0
2005-11-01,55.0,45.0,18.35,4.58,0.84,0.0
2005-11-08,54.85,45.15,20.03,3.81,0.75,0.0
2005-11-15,54.95,45.05,19.49,4.91,0.8,0.0
2005-11-22,56.83,43.17,18.73,5.59,0.8,0.0
2005-11-29,58.88,41.12,17.78,5.58,0.88,0.0
2005-12-06,60.63,39.37,18.46,5.07,1.16,0.0
2005-12-13,53.39,46.61,22.6,6.72,1.66,0.0
2005-12-20,53.89,46.11,22.78,7.4,2.8,0.54
2005-12-27,55.66,44.34,22.6,7.35,2.8,0.54
2006-01-03,57.05,42.95,21.29,7.49,2.95,0.61
2006-01-10,54.51,45.49,22.22,8.11,3.66,0.65
2006-01-17,58.34,41.66,21.32,7.14,3.13,0.64
2006-01-24,60.22,39.78,21.1,9.03,3.82,0.73
2006-01-31,60.37,39.63,22.76,9.42,3.63,0.45
2006-02-07,59.73,40.27,23.82,11.56,5.1,0.51
2006-02-14,60.51,39.49,23.54,11.92,5.32,0.48
2006-02-21,60.36,39.64,23.88,12.75,5.5,0.53
2006-02-28,57.25,42.75,25.16,13.72,5.98,1.02
2006-03-07,55.57,44.43,26.36,15.06,6.94,1.02
2006-03-14,57.03,42.97,26.15,15.2,6.75,1.14
2006-03-21,51.39,48.61,25.01,13.81,4.21,0.94
2006-03-28,51.43,48.57,26.23,13.98,3.53,0.94
2006-04-04,50.22,49.78,26.07,12.56,3.41,0.94
2006-04-11,53.14,46.86,26.4,13.82,3.31,0.94
2006-04-18,51.58,48.42,27.39,15.62,4.64,1.06
2006-04-25,48.76,51.24,32.39,18.56,6.78,1.23
2006-05-02,49.16,50.84,30.02,15.47,5.56,1.82
2006-05-09,51.68,48.32,21.79,10.37,5.81,1.42
2006-05-16,56.43,43.57,20.94,10.84,5.71,1.13
2006-05-23,58.54,41.46,22.71,11.63,5.95,1.13
2006-05-30,55.21,44.79,24.55,12.44,5.75,1.08
2006-06-06,55.84,44.16,26.13,15.13,6.91,0.99
2006-06-13,51.54,48.46,29.38,16.43,8.18,0.98
2006-06-20,51.75,48.25,28.34,16.51,7.99,0.98
2006-06-27,47.66,52.34,35.15,19.22,8.99,1.26
2006-07-04,52.67,47.33,31.78,16.51,7.07,0.79
2006-07-11,48.7,51.3,33.88,14.57,4.46,0.52
2006-07-18,46.87,53.13,40.5,21.64,6.14,0.84
2006-07-25,45.95,54.05,41.74,24.33,9.46,1.04
2006-08-01,46.58,53.42,40.46,23.97,9.48,1.05
2006-08-08,45.06,54.94,41.24,25.84,10.1,1.59
2006-08-15,44.75,55.25,41.07,24.95,9.47,1.68
2006-08-22,45.99,54.01,40.09,24.36,9.22,1.67
2006-08-29,47.0,53.0,36.72,20.55,8.32,1.45
2006-09-05,48.96,51.04,34.49,19.42,7.99,0.87
2006-09-12,51.69,48.31,33.55,18.46,8.6,1.21
2006-09-19,43.28,56.72,36.79,16.49,7.52,0.3
2006-09-26,45.12,54.88,32.93,16.3,6.61,0.14
2006-10-03,44.59,55.41,34.48,16.53,6.81,0.14
2006-10-10,45.35,54.65,35.1,16.81,6.68,0.24
2006-10-17,46.86,53.14,33.06,16.35,6.33,0.28
2006-10-24,49.86,50.14,31.56,16.59,6.11,0.0
2006-10-31,52.03,47.97,29.97,15.54,6.04,0.0
2006-11-07,56.23,43.77,27.29,13.89,5.7,0.0
2006-11-14,54.91,45.09,27.55,13.89,5.83,0.0
2006-11-21,56.51,43.49,26.09,13.51,6.39,0.17
2006-11-28,57.24,42.76,26.14,13.97,7.42,0.26
2006-12-05,53.72,46.28,25.13,13.13,6.14,0.17
2006-12-12,52.24,47.76,25.65,13.51,6.23,0.61
2006-12-19,46.13,53.87,26.52,13.71,6.2,0.61
2006-12-26,47.52,52.48,25.53,13.03,5.86,0.48
2007-01-02,50.01,49.99,25.63,12.62,5.93,0.33
2007-01-09,51.59,48.41,25.85,13.47,6.28,0.33
2007-01-16,54.23,45.77,24.97,13.06,6.01,0.31
2007-01-23,57.93,42.07,24.96,13.36,5.3,0.21
2007-01-30,56.32,43.68,25.58,13.73,5.32,0.21
2007-02-06,53.56,46.44,25.21,14.12,5.32,0.21
2007-02-13,56.7,43.3,21.85,12.24,4.69,0.19
2007-02-20,51.53,48.47,27.03,14.52,5.4,0.18
2007-02-27,54.7,45.3,25.2,13.36,4.62,0.18
2007-03-06,56.02,43.98,23.52,12.11,3.87,0.18
2007-03-13,51.73,48.27,22.11,10.97,4.57,0.15
2007-03-20,49.04,50.96,26.92,13.33,5.38,0.18
2007-03-27,44.74,55.26,32.95,14.01,4.68,0.0
2007-04-03,50.62,49.38,30.59,10.46,3.05,0.0
2007-04-10,50.14,49.86,31.8,11.23,3.01,0.0
2007-04-17,52.94,47.06,31.39,13.29,3.45,0.0
2007-04-24,52.47,47.53,31.71,13.88,4.04,0.0
2007-05-01,52.44,47.56,32.51,14.87,4.73,0.0
2007-05-08,54.45,45.55,26.41,12.17,4.28,0.0
2007-05-15,51.23,48.77,32.85,16.01,5.49,0.0
2007-05-22,50.97,49.03,33.8,17.38,6.65,0.0
2007-05-29,49.49,50.51,33.84,17.67,6.89,0.0
2007-06-05,48.65,51.35,33.78,16.95,6.47,0.38
2007-06-12,52.01,47.99,28.11,15.3,5.4,0.74
2007-06-19,47.46,52.54,34.05,19.05,7.54,1.2
2007-06-26,49.42,50.58,28.8,15.96,6.15,0.77
2007-07-03,46.17,53.83,34.54,18.52,7.09,0.77
2007-07-10,46.39,53.61,32.88,16.23,5.29,0.43
2007-07-17,45.56,54.44,35.47,16.51,5.28,0.43
2007-07-24,37.53,62.47,43.75,24.93,6.31,0.4
2007-07-31,41.65,58.35,38.63,24.03,5.66,0.55
2007-08-07,39.89,60.11,39.31,25.09,6.97,1.28
2007-08-14,40.69,59.31,40.33,27.47,8.37,1.95
2007-08-21,41.16,58.84,40.81,27.83,10.45,2.39
2007-08-28,43.48,56.52,38.29,27.69,10.7,2.32
2007-09-04,38.48,61.52,45.48,32.33,12.17,2.4
2007-09-11,40.41,59.59,44.45,32.11,12.31,2.82
2007-09-18,47.96,52.04,36.68,26.8,10.22,1.93
2007-09-25,47.87,52.13,36.8,25.09,9.86,1.9
2007-10-02,47.38,52.62,36.64,24.76,10.02,2.8
2007-10-09,47.53,52.47,36.63,25.06,10.36,2.95
2007-10-16,41.45,58.55,43.9,30.22,13.13,4.32
2007-10-23,45.22,54.78,38.84,26.38,10.59,3.97
2007-10-30,49.89,50.11,35.07,22.89,7.89,2.2
2007-11-06,46.66,53.34,35.56,23.0,8.0,2.47
2007-11-13,42.19,57.81,36.11,22.52,7.55,2.72
2007-11-20,39.56,60.44,36.97,22.42,8.06,2.93
2007-11-27,43.76,56.24,37.42,22.73,8.04,2.88
2007-12-04,41.44,58.56,36.33,20.68,6.15,3.24
2007-12-11,44.32,55.68,35.56,20.91,6.42,3.75
2007-12-18,46.38,53.62,34.68,20.87,6.42,3.75
2007-12-25,46.38,53.62,34.54,20.78,6.41,3.75
2008-01-01,49.27,50.73,29.21,17.04,4.81,1.99
2008-01-08,47.79,52.21,29.59,15.25,3.94,2.09
2008-01-15,46.72,53.28,29.82,16.03,3.71,1.82
2008-01-22,44.2,55.8,34.48,17.88,4.16,2.18
2008-01-29,47.79,52.21,26.38,13.53,3.67,1.91
2008-02-05,44.05,55.95,31.25,15.4,4.08,2.15
2008-02-12,43.45,56.55,29.98,15.11,4.08,2.15
2008-02-19,46.56,53.44,29.71,15.31,4.03,2.06
2008-02-26,50.09,49.91,29.19,15.05,3.35,1.09
2008-03-04,51.91,48.09,28.46,15.26,3.28,0.89
2008-03-11,53.33,46.67,27.2,14.37,2.65,0.38
2008-03-18,53.38,46.62,29.64,13.62,2.65,0.11
2008-03-25,53.7,46.3,28.27,12.58,2.51,0.0
2008-04-01,53.15,46.85,23.69,8.12,2.38,0.0
2008-04-08,55.89,44.11,22.25,6.68,2.19,0.0
2008-04-15,56.47,43.53,22.37,8.03,1.97,0.24
2008-04-22,56.48,43.52,22.5,7.65,2.1,0.24
2008-04-29,52.03,47.97,27.29,10.49,2.48,0.29
2008-05-06,54.89,45.11,21.4,7.3,1.83,0.0
2008-05-13,55.92,44.08,20.52,7.2,1.74,0.0
2008-05-20,57.25,42.75,21.05,7.22,1.3,0.0
2008-05-27,60.0,40.0,21.53,8.12,1.64,0.0
2008-06-03,61.64,38.36,19.31,7.16,1.48,0.0
2008-06-10,52.1,47.9,23.7,9.41,2.35,0.0
2008-06-17,59.8,40.2,25.29,10.11,3.57,0.26
2008-06-24,51.81,48.19,29.34,11.83,4.54,0.41
2008-07-01,52.26,47.74,28.07,12.06,4.36,0.79
2008-07-08,51.86,48.14,27.55,11.88,4.16,0.88
2008-07-15,51.87,48.13,27.07,10.81,3.47,0.83
2008-07-22,47.66,52.34,27.42,10.94,3.99,1.22
2008-07-29,48.92,51.08,28.12,12.6,4.36,0.96
2008-08-05,46.84,53.16,28.2,12.98,4.35,0.96
2008-08-12,48.29,51.71,27.25,12.85,4.42,0.96
2008-08-19,48.87,51.13,25.19,11.58,3.08,0.77
2008-08-26,46.89,53.11,23.16,9.17,1.91,0.14
2008-09-02,47.98,52.02,23.91,8.17,1.56,0.14
2008-09-09,51.86,48.14,22.69,7.86,1.43,0.14
2008-09-16,54.58,45.42,21.86,7.52,1.38,0.14
2008-09-23,55.92,44.08,22.84,8.09,1.51,0.18
2008-09-30,54.1,45.9,23.55,8.9,1.84,0.18
2008-10-07,54.73,45.27,23.15,9.02,1.73,0.18
2008-10-14,58.1,41.9,21.12,9.01,1.74,0.12
2008-10-21,56.46,43.54,22.42,9.47,1.74,0.12
2008-10-28,58.34,41.66,21.59,9.39,1.7,0.12
2008-11-04,56.16,43.84,21.66,8.64,1.86,0.19
2008-11-11,61.17,38.83,17.77,7.24,1.57,0.37
2008-11-18,60.31,39.69,17.61,6.87,1.5,0.37
2008-11-25,59.24,40.76,18.01,6.95,1.74,0.43
2008-12-02,56.63,43.37,18.2,6.71,1.79,0.52
2008-12-09,56.51,43.49,18.33,7.28,1.87,0.64
2008-12-16,56.85,43.15,17.55,6.1,1.33,0.31
2008-12-23,57.89,42.11,17.12,5.68,1.15,0.31
2008-12-30,61.14,38.86,16.16,5.25,1.05,0.31
2009-01-06,60.73,39.27,16.15,5.01,1.02,0.31
2009-01-13,61.17,38.83,16.34,5.46,1.38,0.31
2009-01-20,58.57,41.43,19.3,6.89,2.26,0.37
2009-01-27,54.95,45.05,21.07,8.42,2.45,0.37
2009-02-03,56.21,43.79,21.75,9.48,2.88,0.59
2009-02-10,49.87,50.13,21.96,9.6,2.88,0.67
2009-02-17,50.61,49.39,21.1,9.28,2.81,0.75
2009-02-24,50.36,49.64,24.01,8.99,2.71,0.75
2009-03-03,47.07,52.93,25.69,8.7,2.29,0.85
2009-03-10,45.64,54.36,25.71,7.64,2.13,0.85
2009-03-17,45.88,54.12,24.49,7.82,1.9,0.62
2009-03-24,42.79,57.21,26.6,8.08,1.9,0.62
2009-03-31,49.46,50.54,24.72,7.99,2.17,0.62
2009-04-07,53.44,46.56,22.41,9.41,2.17,0.62
2009-04-14,54.59,45.41,20.79,9.34,2.29,1.01
2009-04-21,56.22,43.78,19.33,8.94,2.15,0.99
2009-04-28,54.75,45.25,18.28,8.06,2.05,0.86
2009-05-05,60.91,39.09,17.24,7.38,2.12,0.86
2009-05-12,65.13,34.87,17.11,7.49,2.65,1.31
2009-05-19,66.28,33.72,17.1,7.21,1.9,0.75
2009-05-26,72.43,27.57,12.52,4.78,1.28,0.5
2009-06-02,69.92,30.08,12.33,5.1,1.22,0.48
2009-06-09,69.17,30.83,12.48,5.18,1.29,0.56
2009-06-16,69.4,30.6,11.89,5.0,1.22,0.56
2009-06-23,71.9,28.1,11.35,4.56,1.14,0.61
2009-06-30,69.36,30.64,11.84,4.65,1.47,0.82
2009-07-07,67.85,32.15,12.36,5.2,1.65,1.04
2009-07-14,66.42,33.58,13.26,5.42,1.83,1.32
2009-07-21,65.22,34.78,12.75,5.76,1.82,1.21
2009-07-28,67.91,32.09,11.93,5.75,1.82,1.38
2009-08-04,69.02,30.98,11.18,5.71,2.14,1.24
2009-08-11,66.45,33.55,10.74,5.4,2.14,1.24
2009-08-18,66.75,33.25,12.55,6.45,2.57,1.6
2009-08-25,69.94,30.06,11.9,5.09,1.95,1.39
2009-09-01,70.83,29.17,11.94,5.03,1.95,1.28
2009-09-08,65.66,34.34,14.99,5.79,2.2,1.42
2009-09-15,67.46,32.54,14.64,5.54,1.4,0.3
2009-09-22,70.54,29.46,12.83,5.22,1.31,0.28
2009-09-29,68.41,31.59,12.61,5.22,1.09,0.23
2009-10-06,70.15,29.85,12.27,4.8,0.63,0.11
2009-10-13,67.25,32.75,14.2,6.88,0.63,0.13
2009-10-20,73.48,26.52,10.79,4.5,0.58,0.11
2009-10-27,76.45,23.55,10.06,3.91,0.4,0.07
2009-11-03,74.71,25.29,12.7,4.53,0.46,0.08
2009-11-10,77.21,22.79,10.94,3.82,0.33,0.07
2009-11-17,75.19,24.81,12.65,4.79,0.38,0.08
2009-11-24,72.89,27.11,13.16,5.29,0.53,0.06
2009-12-01,72.91,27.09,13.11,5.22,0.47,0.0
2009-12-08,72.88,27.12,12.89,5.22,0.4,0.0
2009-12-15,72.64,27.36,12.59,4.44,0.19,0.0
2009-12-22,72.8,27.2,12.51,4.24,0.19,0.0
2009-12-29,72.07,27.93,12.41,4.24,0.19,0.0
2010-01-05,72.07,27.93,13.25,4.22,0.19,0.0
2010-01-12,68.84,31.16,13.8,6.13,0.36,0.0
2010-01-19,69.14,30.86,13.64,5.69,0.36,0.0
2010-01-26,70.2,29.8,7.75,1.4,0.13,0.0
2010-02-02,70.89,29.11,7.21,1.23,0.02,0.0
2010-02-09,72.72,27.28,7.78,1.36,0.0,0.0
2010-02-16,71.44,28.56,8.8,1.48,0.0,0.0
2010-02-23,71.85,28.15,9.03,1.59,0.0,0.0
2010-03-02,70.51,29.49,7.52,1.37,0.03,0.01
2010-03-09,70.37,29.63,9.59,2.32,0.0,0.0
2010-03-16,72.23,27.77,9.3,2.29,0.0,0.0
2010-03-23,73.01,26.99,9.42,2.21,0.0,0.0
2010-03-30,70.78,29.22,7.63,1.75,0.05,0.01
2010-04-06,71.57,28.43,9.1,2.0,0.0,0.0
2010-04-13,66.9,33.1,7.72,1.73,0.04,0.01
2010-04-20,68.45,31.55,10.11,2.21,0.0,0.0
2010-04-27,65.89,34.11,9.0,2.26,0.04,0.01
2010-05-04,67.27,32.73,9.17,2.26,0.04,0.01
2010-05-11,67.8,32.2,9.56,2.26,0.04,0.01
2010-05-18,71.91,28.09,8.72,2.36,0.07,0.01
2010-05-25,73.52,26.48,8.14,2.14,0.2,0.01
2010-06-01,70.67,29.33,8.59,2.79,0.44,0.01
2010-06-08,75.23,24.77,8.0,2.55,0.45,0.01
2010-06-15,78.65,21.35,8.59,2.27,0.48,0.0
2010-06-22,74.98,25.02,8.88,2.03,0.48,0.0
2010-06-29,75.24,24.76,8.46,1.85,0.39,0.0
2010-07-06,75.2,24.8,7.74,1.38,0.25,0.0
2010-07-13,74.83,25.17,7.83,1.33,0.25,0.0
2010-07-20,72.9,27.1,8.26,1.38,0.25,0.0
2010-07-27,74.3,25.7,8.95,1.84,0.28,0.0
2010-08-03,75.51,24.49,6.96,1.72,0.3,0.01
2010-08-10,74.82,25.18,7.08,1.7,0.3,0.01
2010-08-17,72.92,27.08,7.19,1.47,0.18,0.01
2010-08-24,73.99,26.01,8.01,1.44,0.14,0.0
2010-08-31,68.42,31.58,9.55,1.49,0.14,0.0
2010-09-07,70.31,29.69,9.17,1.83,0.22,0.0
2010-09-14,67.96,32.04,10.3,2.23,0.22,0.0
2010-09-21,63.94,36.06,12.21,2.93,0.3,0.0
2010-09-28,60.05,39.95,13.16,3.09,0.3,0.0
2010-10-05,63.64,36.36,11.72,2.71,0.32,0.0
2010-10-12,61.68,38.32,12.51,4.2,0.52,0.0
2010-10-19,59.79,40.21,14.85,5.61,1.08,0.0
2010-10-26,63.67,36.33,15.25,5.92,1.19,0.0
2010-11-02,61.29,38.71,15.78,6.47,1.34,0.0
2010-11-09,62.12,37.88,13.89,5.44,1.17,0.0
2010-11-16,60.92,39.08,13.89,5.06,1.08,0.0
2010-11-23,61.74,38.26,14.38,5.42,0.99,0.0
2010-11-30,61.12,38.88,14.02,5.1,0.68,0.0
2010-12-07,57.37,42.63,17.81,6.97,1.29,0.0
2010-12-14,61.45,38.55,16.62,6.03,1.2,0.0
2010-12-21,62.14,37.86,19.57,7.06,1.64,0.0
2010-12-28,59.06,40.94,23.75,9.06,2.36,0.0
2011-01-04,60.5,39.5,21.74,8.5,2.6,0.0
2011-01-11,60.58,39.42,23.14,7.65,2.37,0.0
2011-01-18,59.28,40.72,22.94,7.96,2.18,0.0
2011-01-25,58.19,41.81,24.03,8.95,2.07,0.0
2011-02-01,57.46,42.54,24.1,10.57,1.61,0.0
2011-02-08,59.1,40.9,20.34,8.08,1.2,0.0
2011-02-15,55.19,44.81,24.94,9.6,1.43,0.0
2011-02-22,56.18,43.82,28.22,11.43,2.07,0.0
2011-03-01,57.03,42.97,27.92,12.46,2.3,0.0
2011-03-08,59.25,40.75,27.48,12.56,2.68,0.0
2011-03-15,64.29,35.71,21.77,10.91,2.8,0.0
2011-03-22,64.11,35.89,22.95,12.47,3.98,0.0
2011-03-29,61.76,38.24,28.14,18.22,6.41,0.0
2011-04-05,62.46,37.54,28.75,18.17,8.75,0.42
2011-04-12,62.58,37.42,28.48,18.31,9.0,0.93
2011-04-19,63.3,36.7,27.4,18.98,9.87,1.42
2011-04-26,65.7,34.3,26.58,18.49,10.86,1.66
2011-05-03,66.23,33.77,26.39,19.25,11.66,3.12
2011-05-10,68.98,31.02,22.14,17.16,10.43,4.96
2011-05-17,67.69,32.31,26.35,20.68,13.18,6.04
2011-05-24,68.68,31.32,25.47,20.25,13.46,5.62
2011-05-31,68.95,31.05,25.56,20.69,14.68,6.26
2011-06-07,67.68,32.32,26.77,21.31,15.74,7.8
2011-06-14,66.95,33.05,27.12,21.79,16.42,9.03
2011-06-21,68.4,31.6,22.83,18.68,15.04,9.89
2011-06-28,65.21,34.79,23.49,19.45,15.35,9.97
2011-07-05,62.63,37.37,29.28,23.58,18.61,11.77
2011-07-12,64.33,35.67,28.7,23.69,18.67,11.96
2011-07-19,62.8,37.2,28.41,23.22,18.03,10.9
2011-07-26,62.97,37.03,24.67,19.93,15.2,9.23
2011-08-02,60.03,39.97,27.06,21.04,15.28,9.13
2011-08-09,60.05,39.95,27.52,20.68,15.44,9.58
2011-08-16,60.16,39.84,25.97,19.59,14.51,9.05
2011-08-23,59.88,40.12,25.93,19.58,14.4,9.31
2011-08-30,59.26,40.74,27.51,20.68,15.27,9.37
2011-09-06,56.53,43.47,30.0,23.37,18.05,11.2
2011-09-13,55.36,44.64,30.86,24.1,18.54,11.75
2011-09-20,57.22,42.78,30.46,23.64,17.99,11.34
2011-09-27,63.45,36.55,24.42,19.61,14.88,9.5
2011-10-04,55.13,44.87,30.0,23.76,18.0,11.69
2011-10-11,57.83,42.17,30.47,23.85,17.12,9.76
2011-10-18,65.85,34.15,25.04,19.82,14.57,8.28
2011-10-25,65.54,34.46,25.39,20.04,14.43,7.98
2011-11-01,63.88,36.12,27.32,20.38,14.82,7.4
2011-11-08,62.95,37.05,27.8,20.08,14.63,7.34
2011-11-15,63.18,36.82,26.74,20.08,14.39,7.27
2011-11-22,63.91,36.09,26.15,19.42,13.8,6.78
2011-11-29,58.96,41.04,29.35,21.9,14.97,5.98
2011-12-06,65.86,34.14,23.63,17.63,11.55,4.01
2011-12-13,64.07,35.93,23.52,17.47,10.75,3.83
2011-12-20,64.18,35.82,23.09,16.24,9.34,3.66
2011-12-27,50.89,49.11,28.49,18.95,10.01,3.31
2012-01-03,58.47,41.53,26.73,15.78,8.51,2.77
2012-01-10,46.29,53.71,32.55,18.83,9.76,2.63
2012-01-17,43.06,56.94,32.52,18.76,10.21,2.77
2012-01-24,51.22,48.78,30.34,15.46,8.19,2.29
2012-01-31,51.25,48.75,31.73,15.44,8.03,2.66
2012-02-07,52.2,47.8,31.73,15.1,7.67,2.63
2012-02-14,51.94,48.06,31.69,15.07,7.79,2.69
2012-02-21,42.76,57.24,37.93,17.34,7.64,2.43
2012-02-28,51.83,48.17,32.38,16.36,6.39,2.09
2012-03-06,52.12,47.88,32.68,16.18,6.06,2.04
2012-03-13,51.24,48.76,33.3,17.49,6.1,2.02
2012-03-20,43.92,56.08,38.31,19.19,6.88,2.21
2012-03-27,43.57,56.43,35.93,19.4,6.72,2.15
2012-04-03,39.87,60.13,36.76,19.64,6.65,1.92
2012-04-10,49.04,50.96,32.11,16.87,5.64,1.72
2012-04-17,40.56,59.44,36.94,19.6,6.57,1.89
2012-04-24,40.58,59.42,37.07,19.95,6.65,1.86
2012-05-01,40.68,59.32,38.18,20.4,6.92,1.93
2012-05-08,43.89,56.11,35.87,19.64,6.77,1.61
2012-05-15,45.21,54.79,33.64,18.39,5.71,1.02
2012-05-22,47.83,52.17,29.58,16.31,4.98,0.8
2012-05-29,46.4,53.6,31.31,15.87,4.38,0.55
2012-06-05,46.4,53.6,32.34,15.85,3.86,0.5
2012-06-12,47.62,52.38,33.24,16.04,3.29,0.24
2012-06-19,39.42,60.58,39.12,20.32,4.35,0.24
2012-06-26,32.89,67.11,42.81,25.72,7.15,0.34
2012-07-03,29.29,70.71,46.84,28.66,8.64,0.5
2012-07-10,28.3,71.7,50.92,31.11,9.71,0.62
2012-07-17,27.62,72.38,53.18,35.33,11.32,0.83
2012-07-24,28.19,71.81,53.45,38.12,17.2,1.99
2012-07-31,28.77,71.23,52.66,38.12,18.62,2.52
2012-08-07,29.81,70.19,52.28,38.49,20.18,3.51
2012-08-14,30.19,69.81,51.71,38.1,19.8,5.23
2012-08-21,30.53,69.47,52.9,36.84,19.24,5.27
2012-08-28,30.18,69.82,52.64,35.42,19.38,5.05
2012-09-04,30.37,69.63,53.07,35.54,17.94,5.13
2012-09-11,21.47,78.53,64.16,41.81,21.09,6.23
2012-09-18,21.84,78.16,64.82,41.07,20.75,5.96
2012-09-25,23.4,76.6,65.45,42.12,21.49,6.12
2012-10-02,24.1,75.9,64.59,40.07,20.13,6.07
2012-10-09,23.27,76.73,63.55,39.92,20.15,6.18
2012-10-16,25.01,74.99,62.39,38.83,19.08,5.84
2012-10-23,25.64,74.36,61.8,38.64,19.52,5.84
2012-10-30,27.11,72.89,60.16,38.27,19.04,5.88
2012-11-06,27.47,72.53,59.49,38.06,19.36,6.18
2012-11-13,27.55,72.45,58.84,35.98,18.3,6.01
2012-11-20,33.44,66.56,50.31,31.67,15.93,5.24
2012-11-27,28.81,71.19,52.44,34.76,16.83,5.34
2012-12-04,23.84,76.16,62.37,42.22,20.63,6.49
2012-12-11,30.56,69.44,51.82,35.63,17.62,5.43
2012-12-18,26.21,73.79,61.79,42.51,21.67,6.64
2012-12-25,26.15,73.85,61.82,42.46,21.6,6.73
2013-01-01,28.56,71.44,51.45,35.18,17.82,5.64
2013-01-08,28.26,71.74,60.26,41.71,20.8,6.7
2013-01-15,30.78,69.22,49.58,33.72,16.22,5.27
2013-01-22,30.22,69.78,57.64,40.07,19.31,6.36
2013-01-29,30.27,69.73,57.68,40.61,19.35,6.37
2013-02-05,33.76,66.24,47.86,33.58,15.97,5.72
2013-02-12,34.11,65.89,55.74,37.75,17.71,6.61
2013-02-19,33.15,66.85,55.82,37.41,18.66,6.66
2013-02-26,35.09,64.91,45.63,30.42,14.18,4.55
2013-03-05,34.33,65.67,53.34,36.44,17.04,5.45
2013-03-12,36.33,63.67,51.38,34.94,16.51,5.28
2013-03-19,34.76,65.24,51.86,35.45,16.85,5.4
2013-03-26,36.76,63.24,43.51,29.45,14.09,4.26
2013-04-02,35.37,64.63,43.74,29.53,14.32,4.35
2013-04-09,37.06,62.94,42.83,29.38,13.97,2.82
2013-04-16,38.32,61.68,47.82,32.1,14.57,2.58
2013-04-23,43.26,56.74,39.92,26.56,12.31,2.17
2013-04-30,39.88,60.12,46.9,32.73,13.96,3.4
2013-05-07,44.17,55.83,40.52,27.51,11.81,3.66
2013-05-14,38.27,61.73,47.67,32.3,13.64,4.4
2013-05-21,39.06,60.94,46.07,31.16,12.64,4.94
2013-05-28,43.12,56.88,44.34,29.57,11.75,4.75
2013-06-04,45.01,54.99,44.11,28.5,11.44,4.79
2013-06-11,46.93,53.07,44.13,28.44,11.36,4.69
2013-06-18,46.73,53.27,44.78,30.04,12.61,4.38
2013-06-25,49.4,50.6,38.12,26.79,10.98,3.65
2013-07-02,49.11,50.89,44.06,32.95,13.57,4.68
2013-07-09,47.62,52.38,44.86,33.61,13.84,4.67
2013-07-16,45.6,54.4,46.13,34.28,13.34,4.34
2013-07-23,41.7,58.3,46.55,33.37,12.54,3.83
2013-07-30,42.76,57.24,45.64,32.44,11.8,3.17
2013-08-06,43.22,56.78,41.38,27.32,10.01,2.32
2013-08-13,42.7,57.3,45.26,31.58,11.77,2.03
2013-08-20,41.08,58.92,42.65,28.08,8.81,1.1
2013-08-27,37.65,62.35,50.04,33.37,10.54,1.32
2013-09-03,40.33,59.67,45.31,27.89,8.24,1.05
2013-09-10,36.25,63.75,50.69,33.28,10.15,1.25
2013-09-17,35.9,64.1,48.19,28.35,6.85,0.43
2013-09-24,42.64,57.36,40.88,21.72,3.62,0.26
2013-10-01,39.57,60.43,41.21,20.7,3.06,0.29
2013-10-08,42.23,57.77,38.59,19.6,2.91,0.29
2013-10-15,45.24,54.76,36.71,18.13,2.75,0.29
2013-10-22,45.04,54.96,35.0,18.12,2.82,0.3
2013-10-29,44.13,55.87,34.7,18.07,2.83,0.3
2013-11-05,44.88,55.12,32.24,17.45,2.93,0.34
2013-11-12,43.98,56.02,31.76,17.26,2.97,0.33
2013-11-19,47.08,52.92,28.04,14.5,3.27,0.31
2013-11-26,43.82,56.18,30.57,16.49,3.8,0.39
2013-12-03,44.56,55.44,30.59,16.5,3.82,0.39
2013-12-10,44.51,55.49,30.28,16.37,3.81,0.39
2013-12-17,43.41,56.59,31.5,16.63,3.9,0.41
2013-12-24,53.03,46.97,26.15,13.94,3.34,0.31
2013-12-31,54.2,45.8,26.02,13.96,3.31,0.31
2014-01-07,52.89,47.11,27.9,14.34,3.46,0.31
2014-01-14,53.97,46.03,28.88,15.94,5.36,0.31
2014-01-21,53.3,46.7,28.91,15.94,5.36,0.31
2014-01-28,50.89,49.11,30.63,17.38,6.05,0.7
2014-02-04,43.45,56.55,37.39,20.84,7.37,0.88
2014-02-11,51.55,48.45,31.52,17.89,5.74,0.74
2014-02-18,46.79,53.21,35.74,21.26,7.26,1.14
2014-02-25,52.69,47.31,30.25,18.0,6.39,1.47
2014-03-04,46.53,53.47,35.86,21.56,7.4,1.57
2014-03-11,53.96,46.04,29.96,18.14,6.43,1.39
2014-03-18,48.53,51.47,37.48,22.27,8.47,1.64
2014-03-25,56.07,43.93,32.0,19.29,8.1,1.75
2014-04-01,47.11,52.89,38.37,24.12,9.8,2.18
2014-04-08,57.99,42.01,31.74,20.24,8.25,2.11
2014-04-15,51.54,48.46,37.88,25.21,10.11,2.83
2014-04-22,57.61,42.39,32.11,21.89,9.59,2.73
2014-04-29,51.18,48.82,38.43,26.76,12.77,3.88
2014-05-06,49.33,50.67,40.06,28.34,14.49,4.45
2014-05-13,51.2,48.8,38.08,28.04,14.0,4.46
2014-05-20,59.66,40.34,31.85,23.64,12.09,4.17
2014-05-27,52.12,47.88,37.93,27.72,13.64,3.35
2014-06-03,52.14,47.86,37.33,27.28,13.24,3.02
2014-06-10,53.91,46.09,36.15,25.97,12.18,2.68
2014-06-17,54.73,45.27,35.55,25.44,11.63,3.14
2014-06-24,54.67,45.33,35.03,24.82,11.23,2.91
2014-07-01,55.57,44.43,34.02,25.01,11.98,2.98
2014-07-08,61.91,38.09,28.63,20.84,10.04,2.45
2014-07-15,54.61,45.39,34.16,24.12,11.87,2.86
2014-07-22,53.8,46.2,33.63,23.86,11.26,2.79
2014-07-29,60.2,39.8,28.47,19.02,8.86,3.26
2014-08-05,60.19,39.81,28.36,18.54,8.52,3.21
2014-08-12,52.81,47.19,33.62,22.03,10.24,3.79
2014-08-19,51.93,48.07,33.56,21.62,10.12,3.8
2014-08-26,60.07,39.93,28.3,18.01,8.42,3.18
2014-09-02,53.16,46.84,32.79,20.93,9.91,3.8
2014-09-09,53.9,46.1,31.27,20.31,9.47,3.7
2014-09-16,54.91,45.09,31.11,19.95,9.32,3.72
2014-09-23,61.81,38.19,25.59,15.37,7.74,3.11
2014-09-30,59.89,40.11,25.55,15.59,7.87,3.22
2014-10-07,60.65,39.35,25.5,15.59,7.9,3.24
2014-10-14,55.59,44.41,29.78,18.14,9.3,3.87
2014-10-21,63.34,36.66,24.9,15.07,7.59,3.24
2014-10-28,63.64,36.36,24.74,15.05,7.66,3.33
2014-11-04,62.16,37.84,24.95,14.79,7.44,3.18
2014-11-11,53.21,46.79,29.59,17.27,8.82,3.79
2014-11-18,60.54,39.46,24.61,14.32,7.37,3.17
2014-11-25,60.49,39.51,24.16,14.05,7.29,3.07
2014-12-02,60.08,39.92,24.35,14.12,7.36,3.07
2014-12-09,51.32,48.68,29.84,17.09,8.94,3.69
2014-12-16,58.41,41.59,25.11,14.43,7.39,2.08
2014-12-23,57.99,42.01,25.04,14.36,7.39,2.11
2014-12-30,60.84,39.16,23.97,14.14,7.49,2.12
2015-01-06,62.98,37.02,23.48,14.0,7.39,2.07
2015-01-13,62.59,37.41,23.37,13.91,7.4,2.42
2015-01-20,61.05,38.95,23.63,14.18,7.42,2.43
2015-01-27,56.61,43.39,23.97,14.06,7.48,2.63
2015-02-03,50.34,49.66,28.44,16.05,8.87,3.12
2015-02-10,47.51,52.49,29.0,16.18,8.49,3.27
2015-02-17,45.25,54.75,32.13,16.45,8.6,3.37
2015-02-24,45.89,54.11,32.83,16.42,8.82,3.3
2015-03-03,47.48,52.52,31.88,15.66,8.43,3.21
2015-03-10,47.36,52.64,31.6,15.73,8.39,3.17
2015-03-17,46.04,53.96,34.73,16.25,8.62,3.17
2015-03-24,44.6,55.4,34.58,16.97,8.81,3.34
2015-03-31,41.42,58.58,36.84,18.6,8.97,3.34
2015-04-07,40.21,59.79,36.93,19.17,9.14,3.62
2015-04-14,41.23,58.77,37.47,19.14,9.09,3.55
2015-04-21,46.62,53.38,37.13,18.97,8.58,3.55
2015-04-28,46.75,53.25,37.41,20.03,8.1,3.41
2015-05-05,44.24,55.76,37.79,20.36,7.86,3.39
2015-05-12,44.16,55.84,34.61,17.68,7.19,3.14
2015-05-19,52.36,47.64,26.4,12.67,5.8,2.62
2015-05-26,53.58,46.42,22.07,11.86,5.8,2.62
2015-06-02,56.75,43.25,24.57,14.19,7.09,3.13
2015-06-09,59.93,40.07,23.29,13.71,6.91,3.07
2015-06-16,60.39,39.61,24.65,13.62,6.76,2.86
2015-06-23,56.96,43.04,21.97,11.96,5.65,2.39
2015-06-30,58.29,41.71,23.25,13.0,5.65,2.39
2015-07-07,59.48,40.52,24.59,14.35,6.24,2.39
2015-07-14,64.79,35.21,25.97,17.49,7.48,2.83
2015-07-21,64.02,35.98,26.06,16.74,7.48,2.83
2015-07-28,55.81,44.19,24.82,14.38,7.36,2.36
2015-08-04,57.72,42.28,27.13,17.44,8.79,2.83
2015-08-11,56.13,43.87,28.93,17.87,9.18,3.0
2015-08-18,54.76,45.24,29.4,18.21,9.41,3.0
2015-08-25,50.78,49.22,27.98,15.15,9.18,2.51
2015-09-01,50.12,49.88,28.4,15.69,8.98,2.51
2015-09-08,48.0,52.0,28.15,16.44,9.14,2.51
2015-09-15,47.52,52.48,28.0,16.4,9.35,2.51
2015-09-22,47.25,52.75,26.93,16.57,9.5,2.51
2015-09-29,47.01,52.99,26.82,16.82,9.58,2.51
2015-10-06,53.08,46.92,26.43,17.96,10.06,2.56
2015-10-13,51.3,48.7,27.3,18.84,11.08,2.73
2015-10-20,41.03,58.97,34.78,23.23,14.42,3.76
2015-10-27,51.33,48.67,25.33,14.41,8.65,2.51
2015-11-03,56.02,43.98,21.9,12.94,7.39,2.27
2015-11-10,54.9,45.1,25.18,15.24,8.47,2.7
2015-11-17,59.79,40.21,19.08,12.45,7.08,2.26
2015-11-24,64.12,35.88,18.34,12.41,7.04,2.26
2015-12-01,67.59,32.41,17.23,12.28,6.98,2.26
2015-12-08,68.87,31.13,16.88,12.0,6.67,2.26
2015-12-15,69.32,30.68,16.42,10.97,5.51,2.26
2015-12-22,70.0,30.0,16.18,10.58,5.51,2.26
2015-12-29,70.64,29.36,15.7,9.67,5.25,2.26
2016-01-05,68.57,31.43,18.39,10.03,5.16,2.7
2016-01-12,70.46,29.54,17.28,9.98,5.16,2.59
2016-01-19,74.1,25.9,13.74,7.13,4.05,2.02
2016-01-26,71.99,28.01,15.48,8.51,4.61,2.29
2016-02-02,73.95,26.05,13.01,7.06,3.86,1.88
2016-02-09,73.73,26.27,12.59,6.57,3.56,1.83
2016-02-16,71.17,28.83,12.7,6.47,3.41,1.83
2016-02-23,70.1,29.9,14.62,7.77,4.05,2.19
2016-03-01,71.41,28.59,12.07,6.51,3.39,1.83
2016-03-08,68.54,31.46,10.53,6.21,3.39,1.83
2016-03-15,66.5,33.5,12.41,6.46,3.76,1.87
2016-03-22,65.25,34.75,14.29,6.07,3.76,1.87
2016-03-29,64.69,35.31,12.76,4.92,3.14,1.56
2016-04-05,62.13,37.87,16.71,5.95,3.76,1.71
2016-04-12,63.38,36.62,14.98,5.19,3.14,1.43
2016-04-19,60.72,39.28,15.44,5.94,3.44,1.11
2016-04-26,63.02,36.98,12.99,5.0,2.88,0.92
2016-05-03,66.1,33.9,14.56,5.46,3.44,1.11
2016-05-10,70.76,29.24,12.3,4.49,2.83,0.92
2016-05-17,71.99,28.01,11.7,4.07,2.06,0.92
2016-05-24,71.17,28.83,11.47,3.68,2.06,0.92
2016-05-31,70.62,29.38,10.74,3.56,2.06,0.92
2016-06-07,68.12,31.88,11.15,3.8,2.06,0.92
2016-06-14,64.55,35.45,11.59,4.0,1.89,0.92
2016-06-21,61.05,38.95,12.45,4.24,1.89,0.92
2016-06-28,59.24,40.76,13.6,4.56,1.97,0.92
2016-07-05,55.76,44.24,17.77,6.03,2.51,1.11
2016-07-12,59.18,40.82,14.82,5.18,2.15,0.92
2016-07-19,55.46,44.54,15.74,5.68,2.39,0.92
2016-07-26,53.86,46.14,17.38,5.97,2.44,0.92
2016-08-02,49.86,50.14,21.12,7.28,2.89,1.11
2016-08-09,48.33,51.67,21.79,8.2,2.82,1.11
2016-08-16,52.72,47.28,19.86,7.71,2.91,1.11
2016-08-23,54.63,45.37,19.41,7.41,2.7,1.11
2016-08-30,62.3,37.7,16.31,6.07,2.26,0.92
2016-09-06,63.06,36.94,15.96,6.14,2.28,0.92
2016-09-13,63.05,36.95,15.33,6.45,2.39,0.92
2016-09-20,62.35,37.65,15.73,6.48,2.46,0.92
2016-09-27,61.21,38.79,15.84,6.77,2.67,0.97
2016-10-04,56.19,43.81,19.43,8.36,3.14,1.17
2016-10-11,55.39,44.61,20.13,8.68,3.45,1.26
2016-10-18,61.23,38.77,18.47,8.07,3.23,1.09
2016-10-25,61.26,38.74,19.99,8.56,3.41,1.29
2016-11-01,58.42,41.58,22.39,9.15,4.06,1.43
2016-11-08,51.09,48.91,27.36,11.38,4.96,1.91
2016-11-15,55.05,44.95,25.18,12.07,5.35,1.97
2016-11-22,45.0,55.0,31.14,17.07,8.26,2.73
2016-11-29,43.69,56.31,31.46,16.6,8.66,2.68
2016-12-06,45.17,54.83,30.38,13.97,5.3,1.99
2016-12-13,45.78,54.22,29.82,12.89,5.02,1.99
2016-12-20,52.75,47.25,23.53,8.85,3.82,1.58
2016-12-27,49.19,50.81,24.04,10.09,4.53,1.81
2017-01-03,53.9,46.1,22.53,8.63,3.15,0.96
2017-01-10,63.43,36.57,17.4,6.65,2.18,0.09
2017-01-17,60.5,39.5,19.26,6.77,2.39,0.11
2017-01-24,67.2,32.8,16.12,4.45,0.44,0.0
2017-01-31,71.75,28.25,12.15,3.2,0.34,0.0
2017-02-07,72.56,27.44,11.92,2.84,0.29,0.0
2017-02-14,68.27,31.73,13.54,3.17,0.35,0.0
2017-02-21,68.43,31.57,11.52,2.77,0.28,0.0
2017-02-28,66.29,33.71,14.07,3.68,0.49,0.0
2017-03-07,67.23,32.77,14.93,4.0,0.53,0.0
2017-03-14,68.14,31.86,15.21,3.95,0.49,0.0
2017-03-21,64.56,35.44,13.39,3.12,0.36,0.0
2017-03-28,64.42,35.58,14.2,2.82,0.21,0.0
2017-04-04,69.97,30.03,8.26,1.28,0.09,0.0
2017-04-11,72.23,27.77,6.88,1.23,0.07,0.0
2017-04-18,73.05,26.95,8.2,1.44,0.09,0.0
2017-04-25,76.38,23.62,5.15,0.92,0.03,0.0
2017-05-02,85.7,14.3,4.98,1.3,0.13,0.0
2017-05-09,84.89,15.11,5.22,1.3,0.28,0.0
2017-05-16,80.74,19.26,4.73,1.15,0.36,0.0
2017-05-23,82.66,17.34,3.82,1.02,0.35,0.0
2017-05-30,79.29,20.71,4.46,0.94,0.24,0.0
2017-06-06,80.3,19.7,7.5,1.04,0.0,0.0
2017-06-13,79.99,20.01,7.27,1.57,0.0,0.0
2017-06-20,80.5,19.5,6.99,2.13,0.55,0.0
2017-06-27,76.8,23.2,7.75,2.72,0.81,0.0
2017-07-04,77.65,22.35,8.45,3.83,1.43,0.0
2017-07-11,75.54,24.46,9.1,3.6,1.83,0.0
2017-07-18,70.67,29.33,10.58,4.77,2.31,0.22
2017-07-25,67.3,32.7,10.98,5.18,2.62,0.76
2017-08-01,69.48,30.52,11.77,5.23,2.6,0.76
2017-08-08,69.72,30.28,9.63,4.52,1.98,0.63
2017-08-15,74.67,25.33,9.58,4.48,2.05,0.59
2017-08-22,72.57,27.43,12.08,5.49,2.43,0.59
2017-08-29,74.24,25.76,10.0,4.82,2.22,1.01
2017-09-05,73.38,26.62,11.43,4.98,2.36,1.07
2017-09-12,71.59,28.41,13.55,5.24,2.62,1.07
2017-09-19,69.04,30.96,13.07,4.71,2.0,0.72
2017-09-26,68.98,31.02,11.65,4.19,1.97,0.72
2017-10-03,67.38,32.62,12.12,3.98,1.17,0.42
2017-10-10,68.03,31.97,11.91,3.39,0.89,0.22
2017-10-17,68.29,31.71,10.55,2.51,0.69,0.0
2017-10-24,69.49,30.51,10.08,2.18,0.74,0.0
2017-10-31,71.88,28.12,10.06,2.25,0.74,0.0
2017-11-07,72.48,27.52,10.08,2.44,0.63,0.0
2017-11-14,70.65,29.35,10.96,2.95,0.63,0.0
2017-11-21,69.15,30.85,12.91,3.48,0.63,0.0
2017-11-28,64.27,35.73,17.71,4.09,0.86,0.0
2017-12-05,60.14,39.86,20.34,5.01,1.03,0.0
2017-12-12,54.04,45.96,19.96,5.42,1.49,0.0
2017-12-19,52.51,47.49,21.91,5.82,1.07,0.0
2017-12-26,54.23,45.77,22.07,4.14,0.7,0.0
2018-01-02,53.52,46.48,23.18,6.24,0.69,0.0
2018-01-09,51.6,48.4,26.81,7.27,0.39,0.0
2018-01-16,48.99,51.01,27.62,8.38,0.54,0.0
2018-01-23,47.74,52.26,29.58,11.36,0.75,0.0
2018-01-30,38.07,61.93,32.11,14.38,1.44,0.0
2018-02-06,39.68,60.32,33.14,15.41,2.17,0.0
2018-02-13,45.08,54.92,30.37,15.07,2.47,0.0
2018-02-20,46.15,53.85,30.48,14.84,2.69,0.0
2018-02-27,45.34,54.66,31.3,14.32,3.22,0.0
2018-03-06,47.53,52.47,30.55,15.5,4.94,0.12
2018-03-13,47.9,52.1,31.04,16.31,5.67,0.2
2018-03-20,50.04,49.96,31.02,16.69,6.42,0.2
2018-03-27,50.79,49.21,30.77,16.36,7.26,0.55
2018-04-03,52.45,47.55,29.42,16.37,7.59,0.6
2018-04-10,53.49,46.51,29.69,16.69,8.11,1.32
2018-04-17,57.18,42.82,28.85,16.33,8.18,1.71
2018-04-24,57.51,42.49,28.99,16.35,8.5,1.97
2018-05-01,62.55,37.45,23.9,13.64,7.43,1.84
2018-05-08,55.56,44.44,27.67,15.93,9.32,2.31
2018-05-15,54.36,45.64,28.28,16.71,9.5,2.47
2018-05-22,56.67,43.33,26.72,16.84,9.4,2.4
2018-05-29,57.44,42.56,26.42,16.92,9.24,2.09
2018-06-05,60.96,39.04,22.63,14.26,7.66,1.71
2018-06-12,59.8,40.2,23.28,14.18,7.72,1.65
2018-06-19,59.56,40.44,22.67,13.82,6.88,1.53
2018-06-26,58.23,41.77,24.05,13.31,6.92,1.54
2018-07-03,57.96,42.04,24.83,13.91,6.96,1.57
2018-07-10,58.3,41.7,25.38,13.75,7.38,1.58
2018-07-17,57.04,42.96,26.31,14.02,7.21,1.57
2018-07-24,54.17,45.83,27.36,16.14,7.23,1.35
2018-07-31,53.49,46.51,28.95,16.22,7.11,1.35
2018-08-07,53.78,46.22,30.23,17.61,7.46,1.35
2018-08-14,50.54,49.46,30.7,16.73,6.8,1.42
2018-08-21,51.3,48.7,29.76,15.98,6.3,1.34
2018-08-28,52.47,47.53,29.2,16.2,6.26,1.3
2018-09-04,54.28,45.72,29.1,15.76,6.3,1.24
2018-09-11,57.06,42.94,25.79,13.96,5.75,1.23
2018-09-18,57.2,42.8,26.16,14.16,6.03,1.32
2018-09-25,58.63,41.37,25.06,14.92,6.26,1.45
2018-10-02,59.47,40.53,24.58,14.56,6.08,1.45
2018-10-09,56.69,43.31,26.19,14.41,5.65,1.45
2018-10-16,61.65,38.35,24.05,13.51,4.95,1.35
2018-10-23,61.87,38.13,23.91,13.23,4.8,1.35
2018-10-30,63.41,36.59,22.0,12.56,4.65,1.35
2018-11-06,64.33,35.67,21.24,11.82,4.32,1.34
2018-11-13,69.67,30.33,17.87,9.99,3.58,1.1
2018-11-20,70.95,29.05,19.11,9.91,3.59,1.1
2018-11-27,70.6,29.4,19.48,9.88,3.57,1.1
2018-12-04,71.76,28.24,18.91,9.81,3.17,0.98
2018-12-11,71.52,28.48,19.34,9.69,3.14,0.98
2018-12-18,71.23,28.77,19.37,9.69,3.11,0.96
2018-12-25,70.52,29.48,19.18,9.51,2.8,0.96
2019-01-01,73.06,26.94,18.69,9.13,2.75,0.95
2019-01-08,73.47,26.53,18.47,8.94,2.63,0.93
2019-01-15,72.6,27.4,18.49,8.54,2.58,0.93
2019-01-22,72.91,27.09,17.08,6.9,1.65,0.13
2019-01-29,70.2,29.8,16.53,6.75,1.92,0.15
2019-02-05,69.83,30.17,15.71,6.74,1.92,0.16
2019-02-12,71.95,28.05,13.56,5.39,1.6,0.05
2019-02-19,73.92,26.08,13.08,5.01,1.11,0.05
2019-02-26,76.6,23.4,10.65,3.53,0.46,0.03
2019-03-05,76.82,23.18,10.44,2.65,0.44,0.03
2019-03-12,80.6,19.4,6.03,1.77,0.44,0.03
2019-03-19,83.28,16.72,4.63,1.29,0.27,0.0
2019-03-26,81.65,18.35,4.85,0.86,0.0,0.0
2019-04-02,81.59,18.41,5.43,1.05,0.0,0.0
2019-04-09,83.72,16.28,4.31,0.86,0.0,0.0
2019-04-16,87.07,12.93,3.78,0.86,0.0,0.0
2019-04-23,87.65,12.35,2.28,0.27,0.0,0.0
2019-04-30,89.58,10.42,2.63,0.51,0.0,0.0
2019-05-07,90.17,9.83,2.53,0.05,0.0,0.0
2019-05-14,91.16,8.84,2.4,0.04,0.0,0.0
2019-05-21,91.01,8.99,2.71,0.27,0.14,0.0
2019-05-28,88.74,11.26,3.33,0.28,0.14,0.0
2019-06-04,88.06,11.94,4.97,0.7,0.14,0.0
2019-06-11,90.04,9.96,3.99,0.54,0.14,0.0
2019-06-18,88.85,11.15,3.99,0.77,0.14,0.0
2019-06-25,89.37,10.63,3.32,0.82,0.14,0.0
2019-07-02,90.04,9.96,3.22,0.59,0.0,0.0
2019-07-09,80.66,19.34,3.63,0.81,0.14,0.0
2019-07-16,80.42,19.58,6.56,0.87,0.14,0.0
2019-07-23,89.15,10.85,3.04,0.45,0.0,0.0
2019-07-30,77.16,22.84,6.93,1.31,0.14,0.0
2019-08-06,76.05,23.95,5.59,0.8,0.14,0.0
2019-08-13,74.7,25.3,6.79,1.38,0.16,0.0
2019-08-20,73.6,26.4,7.28,1.23,0.05,0.0
2019-08-27,71.2,28.8,10.52,2.31,0.38,0.0
2019-09-03,70.19,29.81,11.33,2.34,0.41,0.0
2019-09-10,69.27,30.73,14.28,3.46,0.5,0.0
2019-09-17,65.8,34.2,14.06,3.52,0.32,0.0
2019-09-24,64.43,35.57,16.23,3.72,0.4,0.0
2019-10-01,65.15,34.85,16.96,5.3,0.8,0.0
2019-10-08,63.19,36.81,20.4,7.57,1.2,0.0
2019-10-15,60.22,39.78,21.19,9.16,1.48,0.0
2019-10-22,67.01,32.99,18.36,7.45,0.77,0.0
2019-10-29,66.24,33.76,17.86,7.38,0.51,0.0
2019-11-05,75.01,24.99,13.75,5.28,0.44,0.0
2019-11-12,73.37,26.63,12.92,4.93,0.04,0.0
2019-11-19,73.58,26.42,12.2,4.84,0.16,0.0
2019-11-26,67.05,32.95,14.1,5.72,0.19,0.0
2019-12-03,68.16,31.84,11.65,4.59,0.1,0.0
2019-12-10,72.04,27.96,11.11,4.45,0.1,0.0
2019-12-17,72.94,27.06,12.64,4.07,0.1,0.0
2019-12-24,74.37,25.63,12.3,4.18,0.1,0.0
2019-12-31,75.8,24.2,11.2,3.82,0.06,0.0
2020-01-07,75.94,24.06,11.19,3.22,0.12,0.0
2020-01-14,79.49,20.51,9.12,2.61,0.1,0.0
2020-01-21,75.13,24.87,11.47,3.38,0.07,0.0
2020-01-28,73.32,26.68,11.0,2.39,0.05,0.0
2020-02-04,76.93,23.07,8.88,2.06,0.06,0.0
2020-02-11,78.22,21.78,8.87,2.15,0.14,0.0
2020-02-18,79.05,20.95,7.99,2.09,0.2,0.0
2020-02-25,76.98,23.02,10.17,2.25,0.23,0.0
2020-03-03,79.1,20.9,9.63,2.1,0.43,0.0
2020-03-10,75.71,24.29,12.86,2.6,0.52,0.0
2020-03-17,75.09,24.91,12.6,2.9,0.61,0.03
2020-03-24,74.94,25.06,11.84,2.83,0.39,0.03
2020-03-31,78.92,21.08,12.15,2.54,0.4,0.03
2020-04-07,78.67,21.33,12.43,2.38,0.18,0.01
2020-04-14,78.62,21.38,12.14,3.63,0.13,0.01
2020-04-21,77.5,22.5,12.27,4.72,0.41,0.0
2020-04-28,76.0,24.0,12.33,4.72,0.39,0.0
2020-05-05,74.25,25.75,13.44,5.24,0.81,0.0
2020-05-12,71.28,28.72,14.56,5.93,1.01,0.0
2020-05-19,70.1,29.9,15.8,6.1,1.09,0.0
2020-05-26,71.1,28.9,15.49,6.0,1.03,0.0
2020-06-02,69.84,30.16,16.7,6.45,1.07,0.0
2020-06-09,67.53,32.47,17.89,7.06,1.5,0.0
2020-06-16,63.27,36.73,19.61,8.31,1.9,0.0
2020-06-23,62.43,37.57,21.36,8.26,1.9,0.0
2020-06-30,61.85,38.15,21.42,8.81,2.08,0.06
2020-07-07,58.37,41.63,21.63,9.21,1.96,0.0
2020-07-14,56.01,43.99,23.04,9.7,2.29,0.0
2020-07-21,52.47,47.53,26.33,10.29,2.18,0.0
2020-07-28,52.16,47.84,27.41,11.78,2.43,0.0
2020-08-04,53.51,46.49,27.98,12.68,2.63,0.0
2020-08-11,54.43,45.57,28.76,13.37,3.2,0.0
2020-08-18,45.99,54.01,36.65,20.11,4.4,0.03
2020-08-25,42.38,57.62,39.15,24.0,7.89,0.08
2020-09-01,46.27,53.73,33.27,20.69,7.19,0.08
2020-09-08,42.92,57.08,38.7,25.14,11.71,0.16
2020-09-15,42.48,57.52,38.87,25.12,11.54,0.43
2020-09-22,41.48,58.52,39.65,25.96,12.77,0.58
2020-09-29,44.5,55.5,35.78,22.89,12.23,1.0
2020-10-06,37.12,62.88,44.27,29.05,15.95,2.07
2020-10-13,35.18,64.82,46.75,29.86,16.84,2.07
2020-10-20,34.04,65.96,47.03,29.5,18.22,2.82
2020-10-27,44.04,55.96,38.75,24.97,15.06,2.36
2020-11-03,37.63,62.37,45.1,28.9,17.76,2.85
2020-11-10,35.55,64.45,45.91,30.05,18.8,4.06
2020-11-17,44.05,55.95,39.6,25.77,15.73,4.72
2020-11-24,41.75,58.25,40.67,26.79,17.04,7.12
2020-12-01,42.28,57.72,40.18,26.67,17.57,8.24
2020-12-08,41.8,58.2,41.06,27.99,17.63,8.27
2020-12-15,42.17,57.83,41.25,28.52,18.41,8.26
2020-12-22,42.53,57.47,41.46,28.59,18.56,8.26
2020-12-29,43.05,56.95,40.97,28.61,18.56,8.26
2021-01-05,47.06,52.94,38.27,27.49,17.63,7.91
2021-01-12,45.72,54.28,37.52,27.17,17.69,7.73
2021-01-19,44.3,55.7,37.64,27.11,17.77,7.82
2021-01-26,45.25,54.75,38.5,27.17,17.63,7.49
2021-02-02,43.02,56.98,38.27,26.31,17.03,7.33
2021-02-09,35.32,64.68,45.93,31.28,20.38,8.79
2021-02-16,35.54,64.46,45.19,30.17,19.02,8.14
2021-02-23,36.1,63.9,45.56,30.85,18.66,8.44
2021-03-02,38.33,61.67,46.58,30.93,18.62,8.5
2021-03-09,38.72,61.28,39.06,26.41,15.51,7.17
2021-03-16,39.31,60.69,36.91,25.11,14.84,7.15
2021-03-23,40.69,59.31,36.4,24.92,15.09,7.3
2021-03-30,41.38,58.62,36.7,24.74,15.61,7.28
2021-04-06,41.5,58.5,37.64,25.64,16.91,7.45
2021-04-13,44.37,55.63,38.01,26.16,17.42,7.57
2021-04-20,42.58,57.42,39.5,26.59,17.66,7.6
2021-04-27,31.73,68.27,48.37,32.48,21.72,9.22
2021-05-04,41.59,58.41,38.91,26.93,18.84,7.56
2021-05-11,45.38,54.62,38.59,26.65,18.8,7.97
2021-05-18,46.59,53.41,36.97,25.94,18.29,8.11
2021-05-25,38.64,61.36,43.42,30.16,21.25,10.23
2021-06-01,47.18,52.82,36.54,25.47,17.53,8.16
2021-06-08,38.79,61.21,45.22,32.04,21.26,9.89
2021-06-15,47.31,52.69,38.5,27.51,17.9,8.26
2021-06-22,46.82,53.18,39.89,29.02,18.23,8.25
2021-06-29,48.65,51.35,39.53,29.85,19.0,8.11
2021-07-06,47.62,52.38,39.6,30.67,18.97,7.93
2021-07-13,49.08,50.92,38.91,30.99,20.19,8.25
2021-07-20,49.94,50.06,40.13,31.81,21.38,8.36
2021-07-27,50.57,49.43,39.74,32.11,21.29,7.39
2021-08-03,45.83,54.17,46.31,39.03,25.99,8.92
2021-08-10,43.78,56.22,46.82,39.04,26.46,9.06
2021-08-17,43.72,56.28,47.18,38.47,26.8,9.23
2021-08-24,44.39,55.61,47.33,38.03,25.64,8.37
2021-08-31,44.48,55.52,46.63,36.6,24.49,7.92
2021-09-07,45.14,54.86,45.61,35.71,23.98,7.61
2021-09-14,41.55,58.45,45.61,35.68,23.77,7.53
2021-09-21,39.13,60.87,46.56,35.37,22.73,7.22
2021-09-28,37.35,62.65,47.84,36.6,23.11,7.27
2021-10-05,37.64,62.36,47.45,36.47,23.09,7.07
2021-10-12,37.47,62.53,47.32,35.3,22.23,7.02
2021-10-19,38.32,61.68,46.46,33.64,20.77,6.68
2021-10-26,35.79,64.21,47.34,33.81,19.08,6.04
2021-11-02,47.41,52.59,40.01,27.55,15.03,4.8
2021-11-09,47.24,52.76,40.25,27.27,14.81,4.56
2021-11-16,36.53,63.47,48.8,32.54,17.17,5.33
2021-11-23,34.49,65.51,50.53,33.0,17.24,5.33
2021-11-30,30.95,69.05,53.42,35.11,17.77,5.33
2021-12-07,28.0,72.0,55.54,37.11,17.84,4.97
2021-12-14,38.04,61.96,46.15,30.66,14.83,3.81
2021-12-21,39.37,60.63,46.17,30.67,14.68,3.07
2021-12-28,38.5,61.5,46.23,30.3,11.7,1.59
2022-01-04,39.91,60.09,45.82,29.35,10.33,1.3
2022-01-11,39.92,60.08,45.96,29.53,9.6,1.03
2022-01-18,40.65,59.35,46.06,30.08,9.43,1.0
2022-01-25,29.13,70.87,55.2,36.39,12.21,1.32
2022-02-01,27.79,72.21,55.24,36.52,12.22,1.34
2022-02-08,28.83,71.17,55.47,35.4,11.32,1.34
2022-02-15,39.18,60.82,47.81,30.37,9.9,1.04
2022-02-22,38.52,61.48,48.19,30.32,10.17,1.03
2022-03-01,26.46,73.54,59.17,39.97,13.31,1.18
2022-03-08,37.05,62.95,51.19,34.95,12.49,1.7
2022-03-15,37.76,62.24,51.09,35.48,14.24,1.74
2022-03-22,39.74,60.26,48.83,34.15,13.82,1.47
2022-03-29,30.47,69.53,57.97,41.27,17.14,1.85
2022-04-05,30.71,69.29,57.3,43.22,17.51,2.13
2022-04-12,32.56,67.44,56.73,43.23,19.37,2.58
2022-04-19,34.18,65.82,55.38,42.99,20.24,2.82
2022-04-26,35.88,64.12,54.2,42.29,19.73,3.56
2022-05-03,45.95,54.05,45.01,33.86,15.48,3.48
2022-05-10,48.19,51.81,44.38,33.25,16.69,3.57
2022-05-17,36.86,63.14,52.54,39.9,21.61,5.77
2022-05-24,38.01,61.99,50.66,39.15,20.94,5.96
2022-05-31,48.43,51.57,41.42,30.93,16.83,4.61
2022-06-07,41.68,58.32,47.57,34.37,19.62,5.43
2022-06-14,42.78,57.22,44.54,32.76,19.63,5.59
2022-06-21,37.51,62.49,45.38,32.86,19.13,5.62
2022-06-28,34.97,65.03,42.53,27.6,14.68,3.23
2022-07-05,29.91,70.09,49.42,32.72,17.63,3.85
2022-07-12,31.28,68.72,50.61,32.25,17.2,4.67
2022-07-19,36.68,63.32,44.57,30.11,15.08,3.77
2022-07-26,39.59,60.41,43.61,31.0,16.39,3.71
2022-08-02,33.52,66.48,51.39,37.03,18.96,4.47
2022-08-09,44.53,55.47,41.97,30.32,15.56,3.6
2022-08-16,43.68,56.32,41.23,29.13,14.47,3.26
2022-08-23,35.62,64.38,46.91,32.76,14.71,2.59
2022-08-30,45.63,54.37,38.23,25.72,10.91,1.68
2022-09-06,46.46,53.54,36.96,24.24,9.55,1.45
2022-09-13,33.76,66.24,45.18,29.23,11.19,1.77
2022-09-20,31.02,68.98,48.91,29.79,11.68,2.24
2022-09-27,24.85,75.15,50.88,30.25,12.5,2.56
2022-10-04,35.17,64.83,44.04,27.15,11.45,2.24
2022-10-11,18.22,81.78,55.41,33.09,14.48,2.96
2022-10-18,17.77,82.23,59.35,34.42,14.68,3.05
2022-10-25,15.54,84.46,62.95,36.06,14.62,2.85
2022-11-01,28.61,71.39,52.54,30.41,12.07,2.48
2022-11-08,14.96,85.04,60.34,34.83,14.16,3.01
2022-11-15,18.09,81.91,59.08,32.92,13.94,2.84
2022-11-22,18.22,81.78,59.3,33.03,13.96,2.87
2022-11-29,20.25,79.75,57.51,32.15,13.01,2.78
2022-12-06,34.26,65.74,46.41,26.0,10.37,2.36
2022-12-13,22.38,77.62,53.2,30.12,11.28,2.36
2022-12-20,26.07,73.93,49.31,28.22,10.76,2.34
2022-12-27,25.95,74.05,49.65,28.22,10.76,2.34
2023-01-03,30.5,69.5,46.26,26.24,9.86,1.85
2023-01-10,44.32,55.68,36.78,20.1,7.02,1.5
2023-01-17,35.15,64.85,43.86,23.25,7.92,1.79
2023-01-24,47.25,52.75,36.0,18.13,6.25,1.48
2023-01-31,38.41,61.59,42.65,21.39,7.42,1.74
2023-02-07,39.7,60.3,41.88,19.62,6.33,1.77
2023-02-14,42.69,57.31,41.35,18.93,5.61,1.7
2023-02-21,42.54,57.46,41.53,18.27,5.47,1.64
2023-02-28,45.0,55.0,38.46,17.31,5.64,1.55
2023-03-07,54.13,45.87,31.45,13.98,4.43,1.27
2023-03-14,47.51,52.49,35.79,15.73,5.32,1.56
2023-03-21,55.97,44.03,28.86,12.26,4.15,1.45
2023-03-28,48.18,51.82,30.68,13.9,5.27,1.83
2023-04-04,48.48,51.52,28.23,13.42,5.43,1.92
2023-04-11,52.79,47.21,26.02,12.64,5.24,2.1
2023-04-18,53.48,46.52,25.84,12.47,5.54,2.24
2023-04-25,61.48,38.52,21.37,10.02,4.99,1.88
2023-05-02,61.6,38.4,20.42,9.82,5.13,1.51
2023-05-09,61.87,38.13,19.65,9.72,4.92,1.49
2023-05-16,58.64,41.36,20.35,9.51,4.32,1.46
2023-05-23,66.06,33.94,16.05,7.44,3.11,1.11
2023-05-30,49.95,50.05,18.95,8.14,3.28,1.24
2023-06-06,54.28,45.72,18.33,5.99,1.96,0.66
2023-06-13,45.53,54.47,24.98,6.9,2.17,0.72
2023-06-20,44.3,55.7,27.11,8.0,2.47,0.56
2023-06-27,54.86,45.14,22.61,7.74,2.16,0.49
2023-07-04,56.25,43.75,22.57,7.83,2.29,0.45
2023-07-11,58.67,41.33,22.48,7.89,2.16,0.33
2023-07-18,58.38,41.62,21.6,7.14,2.23,0.29
2023-07-25,57.19,42.81,22.68,8.18,2.19,0.22
2023-08-01,55.74,44.26,23.52,8.99,2.11,0.22
2023-08-08,54.65,45.35,25.54,9.77,2.3,0.19
2023-08-15,56.01,43.99,25.86,10.7,2.59,0.18
2023-08-22,56.68,43.32,27.52,14.58,4.82,1.0
2023-08-29,56.62,43.38,28.76,15.93,6.23,1.28
2023-09-05,56.21,43.79,30.2,18.27,7.52,1.65
2023-09-12,55.18,44.82,31.1,19.32,8.0,1.98
2023-09-19,53.18,46.82,31.71,19.63,9.44,2.52
2023-09-26,52.53,47.47,32.1,18.79,8.48,2.35
2023-10-03,50.88,49.12,33.62,19.41,8.35,2.45
2023-10-10,50.41,49.59,33.59,18.96,7.53,2.11
2023-10-17,51.02,48.98,33.22,18.92,7.28,2.1
2023-10-24,51.32,48.68,33.43,19.9,7.59,2.19
2023-10-31,45.83,54.17,36.53,20.96,7.91,2.17
2023-11-07,44.88,55.12,37.48,21.69,8.56,2.51
2023-11-14,44.25,55.75,37.45,21.46,8.99,2.76
2023-11-21,43.77,56.23,37.44,21.51,8.68,2.46
2023-11-28,44.23,55.77,36.05,20.34,7.8,2.13
2023-12-05,44.64,55.36,34.36,18.94,7.42,1.22
2023-12-12,43.99,56.01,33.52,18.35,6.33,1.09
2023-12-19,44.65,55.35,33.32,18.24,6.55,1.11
2023-12-26,45.71,54.29,32.35,16.74,6.44,1.16
2024-01-02,45.19,54.81,32.98,16.61,6.28,1.22
2024-01-09,46.5,53.5,31.91,15.29,5.39,0.81
2024-01-16,48.92,51.08,28.8,13.47,4.92,0.72
2024-01-23,50.17,49.83,27.38,13.0,4.45,0.69
2024-01-30,55.77,44.23,23.52,10.79,2.31,0.3
2024-02-06,64.98,35.02,17.79,7.73,1.63,0.23
2024-02-13,66.74,33.26,16.32,6.44,1.29,0.15
2024-02-20,65.29,34.71,16.62,6.39,1.21,0.12
2024-02-27,60.65,39.35,18.09,6.51,1.25,0.12
2024-03-05,60.25,39.75,18.32,6.54,1.27,0.12
2024-03-12,61.7,38.3,18.66,6.43,1.27,0.12
2024-03-19,55.88,44.12,21.21,6.89,1.43,0.14
2024-03-26,64.8,35.2,15.18,4.83,1.0,0.12
2024-04-02,65.53,34.47,15.12,4.61,0.99,0.12
2024-04-09,61.61,38.39,17.46,5.13,1.1,0.14
2024-04-16,67.21,32.79,15.02,4.38,0.9,0.12
2024-04-23,67.72,32.28,15.14,4.74,0.71,0.05
2024-04-30,62.74,37.26,16.96,5.75,0.85,0.06
2024-05-07,65.33,34.67,15.08,5.11,0.8,0.06
2024-05-14,68.98,31.02,13.98,4.86,0.81,0.06
2024-05-21,72.62,27.38,12.55,4.18,0.75,0.06
2024-05-28,77.44,22.56,10.5,3.54,0.6,0.05
2024-06-04,77.86,22.14,10.15,3.16,0.62,0.05
2024-06-11,75.1,24.9,9.84,2.82,0.59,0.01
2024-06-18,68.17,31.83,10.06,2.49,0.61,0.01
2024-06-25,60.79,39.21,13.63,2.43,0.6,0.01
2024-07-02,58.5,41.5,15.81,3.17,0.8,0.01
2024-07-09,51.82,48.18,19.43,4.82,1.12,0.02
2024-07-16,49.61,50.39,20.55,6.79,1.6,0.02
2024-07-23,58.83,41.17,16.96,5.25,1.19,0.06
2024-07-30,58.44,41.56,16.91,4.76,1.15,0.06
2024-08-06,55.35,44.65,18.22,5.09,1.19,0.17
2024-08-13,47.52,52.48,22.2,6.29,1.2,0.21
2024-08-20,52.79,47.21,20.1,6.11,1.48,0.17
2024-08-27,35.44,64.56,27.7,9.06,2.41,0.27
2024-09-03,34.69,65.31,29.95,8.6,2.29,0.34
2024-09-10,30.88,69.12,34.18,10.55,2.42,0.37
2024-09-17,40.81,59.19,29.76,8.98,2.3,0.37
2024-09-24,27.37,72.63,34.1,10.83,3.15,0.5
2024-10-01,29.35,70.65,31.5,9.29,2.73,0.5
2024-10-08,24.68,75.32,38.98,13.84,3.95,0.63
2024-10-15,34.9,65.1,37.65,14.76,3.97,0.53
2024-10-22,33.35,66.65,41.89,16.73,4.22,0.53
2024-10-29,26.82,73.18,45.27,23.06,5.45,0.53
2024-11-05,26.36,73.64,43.4,18.18,3.96,0.5
2024-11-12,30.52,69.48,41.67,17.16,4.12,0.56
2024-11-19,35.01,64.99,38.03,14.59,4.22,0.54
2024-11-26,26.03,73.97,41.45,16.34,4.91,0.6
2024-12-03,40.21,59.79,36.49,13.62,3.89,0.5
2024-12-10,38.7,61.3,36.79,13.28,4.07,0.47
2024-12-17,41.31,58.69,32.54,12.63,3.81,0.46
2024-12-24,41.42,58.58,33.15,12.81,3.89,0.46
2024-12-31,33.35,66.65,38.06,14.5,4.75,0.56
2025-01-07,35.67,64.33,36.72,14.76,4.76,0.56
2025-01-14,47.33,52.67,30.8,13.61,4.0,0.46
2025-01-21,46.96,53.04,31.5,13.85,4.54,0.46
2025-01-28,46.46,53.54,33.22,13.98,4.2,0.46
2025-02-04,41.99,58.01,35.45,14.75,5.82,0.55
2025-02-11,28.95,71.05,43.63,18.58,7.35,0.66
2025-02-18,42.52,57.48,33.41,14.52,5.96,0.55
2025-02-25,42.83,57.17,34.86,14.57,5.96,0.55
2025-03-04,32.94,67.06,44.41,18.82,7.19,1.06
2025-03-11,33.46,66.54,43.59,18.98,7.47,1.17
2025-03-18,33.23,66.77,44.27,20.07,7.82,1.62
2025-03-25,32.96,67.04,44.68,21.11,8.33,1.69
2025-04-01,33.78,66.22,43.37,21.22,8.28,1.69
2025-04-08,41.8,58.2,38.47,19.59,8.42,1.69
2025-04-15,41.7,58.3,38.81,19.88,8.51,2.22
2025-04-22,50.42,49.58,32.9,17.3,7.52,1.86
2025-04-29,52.65,47.35,31.03,16.35,7.83,1.73
2025-05-06,44.37,55.63,35.28,18.67,9.3,1.81
2025-05-13,53.73,46.27,27.92,15.25,7.18,1.56
2025-05-20,56.05,43.95,26.58,14.79,7.1,1.64
2025-05-27,49.3,50.7,31.05,17.35,8.21,1.92
2025-06-03,58.11,41.89,24.86,13.51,5.9,1.3
2025-06-10,52.3,47.7,29.91,15.07,6.15,1.32
2025-06-17,60.71,39.29,25.21,12.36,4.82,1.03
2025-06-24,56.69,43.31,25.83,12.86,4.82,1.03
2025-07-01,51.33,48.67,32.39,15.99,5.91,0.9
2025-07-08,57.39,42.61,26.25,13.37,4.71,0.63
2025-07-15,56.54,43.46,26.65,14.81,4.88,0.62
2025-07-22,54.35,45.65,31.38,17.36,5.43,0.38
2025-07-29,54.52,45.48,31.02,18.07,5.73,0.43
2025-08-05,55.44,44.56,29.85,17.95,5.93,0.38
2025-08-12,50.96,49.04,29.87,18.14,5.95,0.6
2025-08-19,54.91,45.09,26.77,16.47,5.59,0.48
2025-08-26,54.95,45.05,27.7,16.77,5.95,0.46
2025-09-02,49.98,50.02,29.13,17.45,5.75,0.26
2025-09-09,48.01,51.99,30.11,17.84,5.21,0.26
2025-09-16,42.93,57.07,34.21,19.31,5.04,0.24
2025-09-23,43.16,56.84,36.39,19.47,5.05,0.26
2025-09-30,30.21,69.79,42.98,23.33,5.56,0.3
2025-10-07,26.96,73.04,45.02,23.49,6.11,0.3
2025-10-14,25.96,74.04,45.6,22.95,5.42,0.19
2025-10-21,27.88,72.12,46.08,21.1,4.65,0.14
2025-10-28,42.0,58.0,36.55,17.58,3.49,0.08
2025-11-04,32.31,67.69,43.71,20.38,3.82,0.1
2025-11-11,32.03,67.97,44.43,19.82,3.73,0.01
2025-11-18,30.79,69.21,46.12,19.44,3.23,0.09
2025-11-25,43.32,56.68,36.09,14.34,2.32,0.17
2025-12-02,33.31,66.69,41.42,16.06,2.45,0.22
2025-12-09,33.82,66.18,40.29,14.95,1.91,0.03
2025-12-16,32.32,67.68,40.52,13.68,1.9,0.03
2025-12-23,30.79,69.21,41.44,14.1,2.02,0.05
2025-12-30,30.01,69.99,42.83,14.03,1.88,0.05
2026-01-06,29.74,70.26,44.82,15.7,1.91,0.05
2026-01-13,40.94,59.06,35.66,14.69,2.03,0.05
2026-01-20,31.0,69.0,44.01,18.91,3.08,0.11
2026-01-27,40.83,59.17,36.08,15.89,2.61,0.09
2026-02-03,37.9,62.1,37.41,16.36,3.02,0.09
2026-02-10,27.42,72.58,46.6,21.55,4.81,0.13
2026-02-17,34.95,65.05,40.8,18.87,5.01,0.12
2026-02-24,34.64,65.36,42.81,19.33,5.36,0.18
2026-03-03,23.0,77.0,54.88,24.66,6.92,0.36
2026-03-10,23.25,76.75,53.97,24.15,6.8,0.35
2026-03-17,24.14,75.86,54.81,25.08,6.88,0.45
2026-03-24,22.86,77.14,56.21,29.51,8.34,0.96
2026-03-31,30.26,69.74,50.07,28.98,12.22,1.64
2026-04-07,31.07,68.93,50.18,30.37,12.09,1.69
2026-04-14,32.34,67.66,51.0,33.35,13.13,1.83
2026-04-21,33.69,66.31,52.46,36.46,15.43,1.93
2026-04-28,35.08,64.92,51.54,36.62,16.0,2.02
2026-05-05,24.66,75.34,60.92,43.5,19.09,2.44
2026-05-12,23.7,76.3,61.47,43.66,18.69,2.58
2026-05-19,23.92,76.08,62.42,44.49,20.19,2.48
2026-05-26,35.46,64.54,50.77,34.86,13.98,1.82
2026-06-02,22.4,77.6,58.38,37.3,14.55,1.47
2026-06-09,37.48,62.52,46.93,29.58,10.27,0.98
2026-06-16,39.07,60.93,45.98,28.99,10.21,1.09
2026-06-23,30.05,69.95,52.33,33.54,11.56,1.24
2026-06-30,32.98,67.02,47.84,30.7,10.89,1.0
2026-07-07,33.1,66.9,47.2,29.99,11.23,0.96
2026-07-14,34.28,65.72,46.47,29.1,10.71,0.98
2026-07-21,34.76,65.24,45.77,29.14,10.71,0.93
2026-07-28,32.08,67.92,47.89,28.3,10.0,0.86
2026-08-04,39.44,60.56,40.72,23.91,7.95,0.79
2026-08-11,36.91,63.09,42.4,24.7,8.6,0.87
2026-08-18,23.79,76.21,52.7,29.87,10.6,1.35
2026-08-25,22.53,77.47,56.61,31.59,11.76,1.75
2026-09-01,31.8,68.2,49.51,27.08,9.54,1.43
2026-09-08,30.4,69.6,49.12,27.84,10.08,1.54
2026-09-15,30.82,69.18,49.77,28.31,10.51,1.68
2026-09-22,21.12,78.88,59.24,33.58,12.17,2.11
