Week,None,D0-D4,D1-D4,D2-D4,D3-D4,D4
2000-01-04,57.29,42.71,19.61,7.9,0.0,0.0
2000-01-11,38.2,61.8,24.93,9.9,0.0,0.0
2000-01-18,43.26,56.74,21.75,8.67,0.0,0.0
2000-01-25,30.74,69.26,25.48,10.11,0.0,0.0
2000-02-01,34.99,65.01,28.97,10.22,0.0,0.0
2000-02-08,36.07,63.93,29.39,11.03,0.0,0.0
2000-02-15,47.17,52.83,26.77,9.13,0.0,0.0
2000-02-22,43.35,56.65,30.72,10.95,0.0,0.0
2000-02-29,45.46,54.54,32.56,14.07,0.0,0.0
2000-03-07,45.92,54.08,32.17,15.08,0.0,0.0
2000-03-14,51.59,48.41,30.55,16.07,0.0,0.0
2000-03-21,52.02,47.98,29.82,15.63,0.0,0.0
2000-03-28,54.69,45.31,26.54,12.47,0.0,0.0
2000-04-04,51.49,48.51,25.61,14.46,0.0,0.0
2000-04-11,62.16,37.84,22.19,11.43,0.0,0.0
2000-04-18,53.06,46.94,26.6,14.6,0.0,0.0
2000-04-25,63.2,36.8,20.42,10.91,1.24,0.0
2000-05-02,55.43,44.57,25.69,13.22,1.66,0.0
2000-05-09,62.87,37.13,20.76,10.73,1.39,0.0
2000-05-16,60.21,39.79,23.81,13.02,2.5,0.0
2000-05-23,64.63,35.37,19.99,11.84,3.0,0.0
2000-05-30,62.06,37.94,24.17,13.69,5.09,0.26
2000-06-06,68.61,31.39,17.97,10.7,4.52,0.25
2000-06-13,63.01,36.99,19.72,11.9,6.13,1.28
2000-06-20,64.25,35.75,19.13,11.86,5.62,1.37
2000-06-27,55.16,44.84,23.72,12.48,4.48,1.66
2000-07-04,57.5,42.5,17.76,8.15,4.28,1.26
2000-07-11,56.43,43.57,20.31,8.11,4.65,1.65
2000-07-18,55.65,44.35,18.87,7.42,4.57,1.77
2000-07-25,56.81,43.19,19.24,7.88,4.36,2.16
2000-08-01,58.33,41.67,20.29,8.74,4.13,2.01
2000-08-08,48.87,51.13,24.5,10.76,4.47,2.14
2000-08-15,56.7,43.3,23.11,10.95,3.69,1.66
2000-08-22,49.9,50.1,29.13,13.89,5.39,2.39
2000-08-29,52.85,47.15,27.02,13.24,5.74,2.06
2000-09-05,52.06,47.94,29.06,16.22,6.75,2.18
2000-09-12,52.86,47.14,32.28,20.28,7.44,1.43
2000-09-19,51.09,48.91,33.37,21.9,7.0,1.37
2000-09-26,51.58,48.42,32.09,20.06,5.76,0.62
2000-10-03,39.53,60.47,40.99,26.17,6.99,0.74
2000-10-10,40.51,59.49,41.03,24.29,5.87,0.46
2000-10-17,40.2,59.8,40.97,22.21,7.09,1.05
2000-10-24,35.77,64.23,39.24,17.21,7.69,1.69
2000-10-31,40.25,59.75,34.7,16.97,9.1,2.63
2000-11-07,54.68,45.32,19.92,12.44,7.49,0.99
2000-11-14,69.11,30.89,15.81,9.97,4.87,0.6
2000-11-21,70.05,29.95,14.8,8.94,2.21,0.0
2000-11-28,64.43,35.57,16.21,9.04,0.71,0.0
2000-12-05,66.14,33.86,16.74,9.06,0.81,0.14
2000-12-12,72.21,27.79,14.26,7.76,0.92,0.21
2000-12-19,75.39,24.61,12.82,6.29,0.74,0.25
2000-12-26,76.73,23.27,12.05,6.28,0.8,0.3
2001-01-02,70.82,29.18,13.94,6.15,0.96,0.33
2001-01-09,68.35,31.65,14.3,6.53,1.42,0.33
2001-01-16,74.71,25.29,12.07,5.13,1.29,0.28
2001-01-23,56.57,43.43,12.85,5.71,0.96,0.35
2001-01-30,67.34,32.66,9.92,4.19,0.74,0.29
2001-02-06,67.59,32.41,10.15,4.57,0.86,0.28
2001-02-13,62.79,37.21,22.19,5.6,1.61,0.61
2001-02-20,65.55,34.45,21.69,5.63,1.72,0.64
2001-02-27,70.78,29.22,18.22,4.76,1.45,0.61
2001-03-06,72.05,27.95,17.88,4.61,1.39,0.59
2001-03-13,71.45,28.55,17.7,7.91,1.33,0.59
2001-03-20,65.95,34.05,21.51,9.91,1.51,0.68
2001-03-27,68.45,31.55,17.76,8.33,1.23,0.54
2001-04-03,61.84,38.16,20.58,10.13,1.42,0.18
2001-04-10,70.26,29.74,17.78,8.48,1.2,0.17
2001-04-17,70.65,29.35,17.9,8.53,1.29,0.22
2001-04-24,70.52,29.48,18.55,8.63,1.29,0.22
2001-05-01,69.08,30.92,20.9,8.73,1.29,0.22
2001-05-08,60.26,39.74,23.89,11.03,1.66,0.22
2001-05-15,59.35,40.65,26.7,12.82,2.34,0.38
2001-05-22,61.28,38.72,26.73,11.17,2.15,0.41
2001-05-29,62.43,37.57,25.26,11.36,2.05,0.41
2001-06-05,60.31,39.69,26.98,13.08,2.34,0.4
2001-06-12,68.35,31.65,21.28,10.63,1.7,0.08
2001-06-19,57.18,42.82,24.49,14.49,1.92,0.0
2001-06-26,54.68,45.32,26.1,16.37,1.99,0.0
2001-07-03,59.65,40.35,22.56,14.89,3.35,0.0
2001-07-10,57.32,42.68,25.8,16.77,3.79,0.0
2001-07-17,51.02,48.98,26.2,17.69,3.56,0.0
2001-07-24,47.18,52.82,27.64,17.01,3.53,0.0
2001-07-31,55.8,44.2,25.95,14.86,4.37,0.0
2001-08-07,48.63,51.37,31.03,18.45,5.23,0.0
2001-08-14,51.19,48.81,30.88,18.58,5.0,0.0
2001-08-21,54.08,45.92,30.97,19.19,7.18,0.0
2001-08-28,60.22,39.78,25.47,16.68,7.11,0.0
2001-09-04,57.91,42.09,23.9,15.81,7.43,0.0
2001-09-11,57.43,42.57,25.16,16.66,7.83,0.0
2001-09-18,59.46,40.54,24.78,16.66,7.83,0.0
2001-09-25,63.35,36.65,23.78,16.54,7.84,0.0
2001-10-02,62.99,37.01,23.64,15.84,8.06,0.0
2001-10-09,60.29,39.71,24.41,15.84,8.36,0.0
2001-10-16,61.31,38.69,23.97,16.01,8.36,0.0
2001-10-23,56.51,43.49,26.29,16.48,8.36,0.0
2001-10-30,53.64,46.36,29.86,17.47,8.33,0.0
2001-11-06,51.46,48.54,31.16,18.65,9.54,0.0
2001-11-13,38.78,61.22,39.14,23.13,11.41,0.0
2001-11-20,48.93,51.07,32.76,20.55,9.25,0.0
2001-11-27,52.79,47.21,31.75,19.99,9.13,0.0
2001-12-04,44.08,55.92,38.67,23.69,9.42,0.0
2001-12-11,54.54,45.46,31.03,18.3,7.26,0.0
2001-12-18,46.77,53.23,36.96,23.03,8.65,0.0
2001-12-25,46.66,53.34,36.36,22.6,8.12,0.0
2002-01-01,46.54,53.46,36.64,22.71,8.75,0.0
2002-01-08,54.46,45.54,29.01,16.94,5.27,0.0
2002-01-15,52.93,47.07,28.13,15.26,4.82,0.0
2002-01-22,52.81,47.19,27.55,14.84,4.72,0.0
2002-01-29,52.12,47.88,27.05,13.95,4.43,0.0
2002-02-05,42.35,57.65,32.1,16.52,5.51,0.0
2002-02-12,41.34,58.66,33.81,16.58,5.27,0.0
2002-02-19,49.28,50.72,29.58,14.01,4.71,0.0
2002-02-26,36.12,63.88,36.22,18.11,5.76,0.0
2002-03-05,46.85,53.15,30.53,15.17,4.73,0.0
2002-03-12,41.19,58.81,36.71,18.01,5.65,0.0
2002-03-19,42.55,57.45,34.08,16.78,5.53,0.0
2002-03-26,34.39,65.61,41.48,23.37,6.43,0.0
2002-04-02,35.89,64.11,41.21,24.45,5.23,0.0
2002-04-09,45.28,54.72,35.58,21.53,4.68,0.0
2002-04-16,39.5,60.5,43.21,27.43,6.75,0.0
2002-04-23,45.12,54.88,36.06,24.9,7.83,0.0
2002-04-30,46.16,53.84,35.84,25.89,9.98,0.23
2002-05-07,36.39,63.61,43.96,31.68,11.4,0.61
2002-05-14,38.56,61.44,46.77,31.34,16.44,0.65
2002-05-21,47.59,52.41,37.04,25.4,14.1,0.51
2002-05-28,45.99,54.01,38.02,25.83,14.72,2.28
2002-06-04,39.99,60.01,37.23,25.07,14.08,2.26
2002-06-11,37.84,62.16,45.2,30.35,16.68,2.07
2002-06-18,42.7,57.3,39.23,26.56,14.98,2.07
2002-06-25,37.74,62.26,47.82,33.47,19.92,3.5
2002-07-02,40.93,59.07,40.22,28.96,17.48,4.42
2002-07-09,40.37,59.63,39.93,27.69,17.14,4.6
2002-07-16,40.01,59.99,40.55,28.44,17.81,4.61
2002-07-23,34.92,65.08,43.01,30.0,18.84,5.0
2002-07-30,34.13,65.87,42.15,28.95,18.8,5.1
2002-08-06,34.11,65.89,41.85,29.9,19.4,5.83
2002-08-13,34.39,65.61,42.19,29.53,19.56,6.22
2002-08-20,35.1,64.9,49.06,35.12,23.71,7.85
2002-08-27,40.95,59.05,41.2,29.48,19.63,6.19
2002-09-03,32.08,67.92,49.95,36.13,21.43,6.23
2002-09-10,40.62,59.38,45.64,31.78,17.15,4.18
2002-09-17,28.58,71.42,53.51,37.09,19.92,3.88
2002-09-24,43.09,56.91,44.05,29.83,15.7,2.75
2002-10-01,29.08,70.92,48.59,33.39,17.84,3.14
2002-10-08,40.47,59.53,41.94,27.05,14.09,1.75
2002-10-15,32.3,67.7,49.81,31.25,15.86,1.34
2002-10-22,45.96,54.04,40.48,25.38,12.93,1.12
2002-10-29,49.03,50.97,39.11,24.8,12.63,1.13
2002-11-05,49.14,50.86,40.23,25.19,12.32,1.11
2002-11-12,50.54,49.46,35.81,22.2,11.31,0.93
2002-11-19,41.05,58.95,41.88,26.28,13.58,1.15
2002-11-26,50.95,49.05,34.65,21.91,11.31,0.93
2002-12-03,41.04,58.96,42.04,26.6,13.25,1.09
2002-12-10,48.6,51.4,36.59,25.7,11.41,1.05
2002-12-17,42.27,57.73,42.57,30.77,13.9,1.28
2002-12-24,52.59,47.41,35.2,25.61,11.62,1.07
2002-12-31,44.95,55.05,41.24,30.33,14.26,1.28
2003-01-07,42.38,57.62,42.57,31.21,16.3,1.69
2003-01-14,42.22,57.78,44.01,32.18,18.37,2.58
2003-01-21,49.63,50.37,37.02,27.34,17.16,1.97
2003-01-28,48.7,51.3,37.13,27.49,17.43,2.09
2003-02-04,47.94,52.06,37.11,26.75,17.16,1.88
2003-02-11,36.52,63.48,45.28,32.81,20.66,2.32
2003-02-18,48.11,51.89,37.05,26.67,16.81,1.74
2003-02-25,39.15,60.85,43.43,32.48,19.93,2.08
2003-03-04,47.21,52.79,37.46,27.18,16.63,1.67
2003-03-11,45.45,54.55,37.46,27.04,16.13,1.41
2003-03-18,43.14,56.86,40.56,26.47,16.03,1.41
2003-03-25,44.4,55.6,40.11,25.75,14.29,1.02
2003-04-01,44.69,55.31,37.29,24.45,13.03,0.49
2003-04-08,46.7,53.3,35.89,22.71,12.35,0.22
2003-04-15,45.21,54.79,36.32,22.76,12.1,0.19
2003-04-22,46.7,53.3,35.85,22.73,11.99,0.22
2003-04-29,42.38,57.62,36.55,23.63,10.89,0.22
2003-05-06,45.78,54.22,35.82,19.59,9.08,0.22
2003-05-13,50.04,49.96,35.08,17.74,8.67,0.52
2003-05-20,45.97,54.03,42.67,25.49,10.15,0.6
2003-05-27,46.91,53.09,41.97,24.58,10.24,0.6
2003-06-03,45.48,54.52,41.88,24.54,10.13,0.61
2003-06-10,46.64,53.36,39.21,23.86,10.24,1.02
2003-06-17,48.62,51.38,35.41,22.01,10.93,1.0
2003-06-24,48.67,51.33,34.95,22.08,10.71,0.88
2003-07-01,51.8,48.2,30.67,21.72,10.83,0.76
2003-07-08,53.26,46.74,29.54,22.25,11.46,0.81
2003-07-15,46.28,53.72,31.88,23.75,12.51,0.81
2003-07-22,46.13,53.87,38.33,26.04,14.84,1.66
2003-07-29,44.96,55.04,47.09,28.89,15.11,2.15
2003-08-05,42.78,57.22,48.05,30.07,14.93,1.98
2003-08-12,41.14,58.86,48.86,32.48,15.35,1.95
2003-08-19,45.33,54.67,41.47,28.56,14.52,1.77
2003-08-26,43.51,56.49,45.88,31.15,15.77,1.84
2003-09-02,45.79,54.21,43.88,28.79,14.29,1.61
2003-09-09,45.44,54.56,45.44,31.54,15.09,1.85
2003-09-16,47.29,52.71,42.09,28.84,14.35,1.83
2003-09-23,46.88,53.12,42.1,28.31,14.09,1.73
2003-09-30,48.06,51.94,40.51,27.73,14.1,1.75
2003-10-07,50.09,49.91,40.49,28.14,13.99,1.73
2003-10-14,49.33,50.67,38.95,28.57,14.64,1.71
2003-10-21,47.73,52.27,39.05,28.94,14.43,1.7
2003-10-28,46.26,53.74,40.82,29.36,15.27,2.12
2003-11-04,47.27,52.73,40.11,28.37,15.34,2.18
2003-11-11,46.21,53.79,40.91,28.55,15.41,2.79
2003-11-18,47.49,52.51,40.55,28.21,14.79,2.65
2003-11-25,41.22,58.78,47.93,33.55,17.65,3.29
2003-12-02,42.03,57.97,47.76,33.57,17.27,3.35
2003-12-09,41.41,58.59,47.89,33.75,17.19,3.3
2003-12-16,50.8,49.2,39.77,28.36,14.67,2.82
2003-12-23,50.53,49.47,39.78,28.32,14.74,3.11
2003-12-30,43.82,56.18,45.81,33.78,15.99,3.4
2004-01-06,42.23,57.77,45.97,32.54,16.24,3.71
2004-01-13,42.43,57.57,44.4,31.74,15.93,3.15
2004-01-20,44.9,55.1,43.84,31.27,15.59,2.89
2004-01-27,45.58,54.42,42.55,30.97,15.55,3.01
2004-02-03,45.58,54.42,41.87,30.83,14.96,2.97
2004-02-10,50.78,49.22,34.36,25.63,12.11,2.36
2004-02-17,46.59,53.41,41.29,30.75,14.44,2.83
2004-02-24,47.71,52.29,40.97,30.75,14.71,2.83
2004-03-02,48.59,51.41,39.19,28.27,12.54,2.08
2004-03-09,55.32,44.68,32.14,22.99,10.41,1.61
2004-03-16,51.17,48.83,37.71,27.07,12.34,1.93
2004-03-23,52.42,47.58,32.06,22.71,10.57,1.61
2004-03-30,51.68,48.32,31.21,22.67,10.93,1.61
2004-04-06,51.09,48.91,30.09,21.15,8.61,0.54
2004-04-13,49.98,50.02,30.43,21.08,8.65,0.68
2004-04-20,47.96,52.04,32.0,21.72,9.1,0.7
2004-04-27,49.85,50.15,32.45,21.66,8.82,0.7
2004-05-04,45.83,54.17,39.69,26.71,12.02,1.08
2004-05-11,50.73,49.27,32.68,22.53,10.32,0.91
2004-05-18,51.76,48.24,31.18,21.26,10.15,0.93
2004-05-25,42.32,57.68,39.93,25.89,12.92,0.81
2004-06-01,50.99,49.01,32.87,21.51,10.7,0.67
2004-06-08,47.21,52.79,38.56,25.83,12.67,0.58
2004-06-15,56.65,43.35,31.4,21.27,10.49,1.07
2004-06-22,59.0,41.0,30.14,20.3,9.34,1.02
2004-06-29,57.91,42.09,28.2,19.67,9.23,1.02
2004-07-06,54.46,45.54,33.74,23.45,10.57,1.2
2004-07-13,53.65,46.35,33.47,24.19,10.62,1.2
2004-07-20,54.74,45.26,28.73,20.19,8.87,1.19
2004-07-27,55.17,44.83,32.65,23.69,10.73,1.38
2004-08-03,52.57,47.43,28.38,20.09,9.14,1.15
2004-08-10,54.03,45.97,32.95,23.82,11.35,1.26
2004-08-17,56.49,43.51,30.78,19.75,10.02,1.05
2004-08-24,58.14,41.86,30.1,19.26,9.72,1.03
2004-08-31,59.13,40.87,29.74,19.0,9.64,1.01
2004-09-07,61.36,38.64,30.98,22.46,10.71,1.18
2004-09-14,59.55,40.45,30.95,22.18,10.27,0.96
2004-09-21,58.68,41.32,25.58,18.37,8.11,0.78
2004-09-28,56.52,43.48,30.51,21.82,9.69,0.93
2004-10-05,56.61,43.39,27.01,18.03,7.86,0.78
2004-10-12,59.84,40.16,26.47,17.77,8.06,0.83
2004-10-19,57.79,42.21,30.75,20.68,9.62,0.97
2004-10-26,58.84,41.16,29.78,19.25,8.34,0.93
2004-11-02,63.39,36.61,23.89,15.99,6.97,0.78
2004-11-09,63.54,36.46,23.86,15.12,6.73,0.78
2004-11-16,62.97,37.03,23.88,14.84,6.69,0.78
2004-11-23,60.06,39.94,28.44,17.69,7.89,0.93
2004-11-30,65.9,34.1,22.55,13.97,5.43,0.78
2004-12-07,63.43,36.57,27.02,16.49,6.49,0.93
2004-12-14,64.29,35.71,26.88,16.09,6.26,0.9
2004-12-21,62.66,37.34,27.13,16.58,6.39,0.92
2004-12-28,61.24,38.76,27.1,16.51,6.53,0.92
2005-01-04,63.02,36.98,25.64,15.39,5.91,0.77
2005-01-11,60.09,39.91,24.36,13.64,4.85,0.75
2005-01-18,67.41,32.59,20.27,11.19,4.01,0.6
2005-01-25,60.83,39.17,24.65,13.52,5.0,0.72
2005-02-01,60.9,39.1,28.45,14.23,4.87,0.72
2005-02-08,61.25,38.75,27.93,14.1,5.63,1.04
2005-02-15,60.8,39.2,27.24,14.2,5.77,1.04
2005-02-22,66.84,33.16,22.7,12.87,4.88,0.87
2005-03-01,67.92,32.08,22.31,13.59,4.6,1.1
2005-03-08,59.94,40.06,26.76,16.79,5.56,1.33
2005-03-15,59.69,40.31,26.82,17.57,6.69,1.57
2005-03-22,60.11,39.89,26.82,17.57,6.69,1.57
2005-03-29,68.7,31.3,21.66,13.81,4.87,1.26
2005-04-05,69.38,30.62,21.03,13.66,4.75,1.21
2005-04-12,67.21,32.79,23.43,15.44,5.51,1.49
2005-04-19,70.13,29.87,18.53,11.69,4.82,1.28
2005-04-26,70.18,29.82,18.5,11.11,3.97,0.71
2005-05-03,62.91,37.09,18.2,11.02,3.87,0.56
2005-05-10,52.61,47.39,22.51,13.25,3.29,0.0
2005-05-17,59.88,40.12,21.34,10.43,1.89,0.0
2005-05-24,62.64,37.36,18.7,8.92,1.58,0.0
2005-05-31,62.2,37.8,19.92,8.82,1.58,0.0
2005-06-07,55.24,44.76,26.88,8.85,1.08,0.0
2005-06-14,59.78,40.22,24.07,7.68,0.51,0.0
2005-06-21,59.48,40.52,22.96,7.59,0.0,0.0
2005-06-28,52.82,47.18,25.21,9.73,0.71,0.0
2005-07-05,54.08,45.92,26.94,11.43,1.64,0.0
2005-07-12,62.07,37.93,22.1,8.76,1.15,0.0
2005-07-19,59.73,40.27,23.69,9.91,1.26,0.0
2005-07-26,56.87,43.13,24.08,10.06,1.62,0.0
2005-08-02,56.22,43.78,24.48,10.28,1.54,0.0
2005-08-09,56.5,43.5,23.18,9.41,1.53,0.0
2005-08-16,58.56,41.44,21.2,8.17,0.83,0.0
2005-08-23,61.49,38.51,19.6,7.56,0.7,0.0
2005-08-30,62.39,37.61,18.32,7.11,0.7,0.0
2005-09-06,60.49,39.51,18.53,7.94,0.95,0.0
2005-09-13,57.49,42.51,20.46,8.24,1.16,0.0
2005-09-20,57.29,42.71,21.76,7.56,0.83,0.0
2005-09-27,54.15,45.85,23.73,7.19,0.75,0.0
2005-10-04,52.08,47.92,25.04,6.83,0.82,0.0
2005-10-11,56.87,43.13,18.93,5.56,0.84,0.0
2005-10-18,64.31,35.69,15.5,4.27,0.67,0.0
2005-10-25,61.07,38.93,16.89,4.43,0.84,0.0
2005-11-01,55.0,45.0,18.35,4.58,0.84,0.0
2005-11-08,54.85,45.15,20.03,3.81,0.75,0.0
2005-11-15,54.95,45.05,19.49,4.91,0.8,0.0
2005-11-22,50.15,49.85,22.41,6.69,0.96,0.0
2005-11-29,52.54,47.46,21.28,6.68,1.06,0.0
2005-12-06,60.63,39.37,18.46,5.07,1.16,0.0
2005-12-13,59.54,40.46,18.88,5.62,1.39,0.0
2005-12-20,53.89,46.11,22.78,7.4,2.8,0.54
2005-12-27,61.36,38.64,18.9,6.14,2.34,0.45
2006-01-03,57.05,42.95,21.29,7.49,2.95,0.61
2006-01-10,54.51,45.49,22.22,8.11,3.66,0.65
2006-01-17,54.33,45.67,25.49,8.55,3.74,0.76
2006-01-24,60.22,39.78,21.1,9.03,3.82,0.73
2006-01-31,60.37,39.63,22.76,9.42,3.63,0.45
2006-02-07,59.73,40.27,23.82,11.56,5.1,0.51
2006-02-14,60.51,39.49,23.54,11.92,5.32,0.48
2006-02-21,58.04,41.96,28.58,15.26,6.59,0.64
2006-02-28,54.31,45.69,30.11,16.42,7.15,1.22
2006-03-07,55.57,44.43,26.36,15.06,6.94,1.02
2006-03-14,57.03,42.97,26.15,15.2,6.75,1.14
2006-03-21,51.39,48.61,25.01,13.81,4.21,0.94
2006-03-28,51.43,48.57,26.23,13.98,3.53,0.94
2006-04-04,50.22,49.78,26.07,12.56,3.41,0.94
2006-04-11,49.44,50.56,31.6,16.55,3.96,1.12
2006-04-18,51.58,48.42,27.39,15.62,4.64,1.06
2006-04-25,48.76,51.24,32.39,18.56,6.78,1.23
2006-05-02,49.16,50.84,30.02,15.47,5.56,1.82
2006-05-09,51.68,48.32,21.79,10.37,5.81,1.42
2006-05-16,56.43,43.57,20.94,10.84,5.71,1.13
2006-05-23,54.59,45.41,27.18,13.92,7.13,1.36
2006-05-30,50.64,49.36,29.38,14.88,6.88,1.29
2006-06-06,55.84,44.16,26.13,15.13,6.91,0.99
2006-06-13,51.54,48.46,29.38,16.43,8.18,0.98
2006-06-20,51.75,48.25,28.34,16.51,7.99,0.98
2006-06-27,52.73,47.27,29.36,16.06,7.51,1.05
2006-07-04,52.67,47.33,31.78,16.51,7.07,0.79
2006-07-11,48.7,51.3,33.88,14.57,4.46,0.52
2006-07-18,39.6,60.4,48.47,25.9,7.34,1.01
2006-07-25,38.49,61.51,49.96,29.12,11.33,1.25
2006-08-01,46.58,53.42,40.46,23.97,9.48,1.05
2006-08-08,45.06,54.94,41.24,25.84,10.1,1.59
2006-08-15,44.75,55.25,41.07,24.95,9.47,1.68
2006-08-22,45.99,54.01,40.09,24.36,9.22,1.67
2006-08-29,36.7,63.3,43.95,24.6,9.96,1.74
2006-09-05,39.05,60.95,41.28,23.25,9.56,1.04
2006-09-12,42.32,57.68,40.14,22.1,10.29,1.44
2006-09-19,52.49,47.51,30.74,13.78,6.28,0.25
2006-09-26,45.12,54.88,32.93,16.3,6.61,0.14
2006-10-03,44.59,55.41,34.48,16.53,6.81,0.14
2006-10-10,45.35,54.65,35.1,16.81,6.68,0.24
2006-10-17,55.45,44.55,27.63,13.66,5.29,0.24
2006-10-24,49.86,50.14,31.56,16.59,6.11,0.0
2006-10-31,52.03,47.97,29.97,15.54,6.04,0.0
2006-11-07,56.23,43.77,27.29,13.89,5.7,0.0
2006-11-14,54.91,45.09,27.55,13.89,5.83,0.0
2006-11-21,56.51,43.49,26.09,13.51,6.39,0.17
2006-11-28,57.24,42.76,26.14,13.97,7.42,0.26
2006-12-05,53.72,46.28,25.13,13.13,6.14,0.17
2006-12-12,59.98,40.02,21.43,11.29,5.2,0.51
2006-12-19,46.13,53.87,26.52,13.71,6.2,0.61
2006-12-26,47.52,52.48,25.53,13.03,5.86,0.48
2007-01-02,50.01,49.99,25.63,12.62,5.93,0.33
2007-01-09,55.04,44.96,21.6,11.25,5.24,0.28
2007-01-16,57.58,42.42,20.86,10.91,5.02,0.26
2007-01-23,60.63,39.37,20.87,11.16,4.43,0.18
2007-01-30,59.29,40.71,21.39,11.47,4.45,0.18
2007-02-06,53.56,46.44,25.21,14.12,5.32,0.21
2007-02-13,56.7,43.3,21.85,12.24,4.69,0.19
2007-02-20,51.53,48.47,27.03,14.52,5.4,0.18
2007-02-27,54.7,45.3,25.2,13.36,4.62,0.18
2007-03-06,56.02,43.98,23.52,12.11,3.87,0.18
2007-03-13,51.73,48.27,22.11,10.97,4.57,0.15
2007-03-20,49.04,50.96,26.92,13.33,5.38,0.18
2007-03-27,44.74,55.26,32.95,14.01,4.68,0.0
2007-04-03,52.11,47.89,25.59,8.74,2.54,0.0
2007-04-10,50.14,49.86,31.8,11.23,3.01,0.0
2007-04-17,52.94,47.06,31.39,13.29,3.45,0.0
2007-04-24,53.63,46.37,26.49,11.59,3.38,0.0
2007-05-01,52.44,47.56,32.51,14.87,4.73,0.0
2007-05-08,53.45,46.55,31.61,14.57,5.12,0.0
2007-05-15,51.23,48.77,32.85,16.01,5.49,0.0
2007-05-22,50.97,49.03,33.8,17.38,6.65,0.0
2007-05-29,51.1,48.9,28.34,14.76,5.76,0.0
2007-06-05,48.65,51.35,33.78,16.95,6.47,0.38
2007-06-12,52.01,47.99,28.11,15.3,5.4,0.74
2007-06-19,47.46,52.54,34.05,19.05,7.54,1.2
2007-06-26,49.42,50.58,28.8,15.96,6.15,0.77
2007-07-03,49.21,50.79,28.96,15.49,5.92,0.64
2007-07-10,46.39,53.61,32.88,16.23,5.29,0.43
2007-07-17,45.56,54.44,35.47,16.51,5.28,0.43
2007-07-24,42.98,57.02,36.65,20.85,5.28,0.33
2007-07-31,41.65,58.35,38.63,24.03,5.66,0.55
2007-08-07,39.89,60.11,39.31,25.09,6.97,1.28
2007-08-14,40.69,59.31,40.33,27.47,8.37,1.95
2007-08-21,35.35,64.65,48.75,33.29,12.5,2.86
2007-08-28,43.48,56.52,38.29,27.69,10.7,2.32
2007-09-04,43.83,56.17,38.07,27.01,10.16,2.0
2007-09-11,40.41,59.59,44.45,32.11,12.31,2.82
2007-09-18,41.4,58.6,43.82,32.08,12.24,2.31
2007-09-25,47.87,52.13,36.8,25.09,9.86,1.9
2007-10-02,47.38,52.62,36.64,24.76,10.02,2.8
2007-10-09,40.88,59.12,43.75,29.99,12.4,3.53
2007-10-16,48.02,51.98,36.76,25.25,10.97,3.61
2007-10-23,51.17,48.83,32.53,22.04,8.85,3.32
2007-10-30,55.08,44.92,29.37,19.13,6.59,1.84
2007-11-06,46.66,53.34,35.56,23.0,8.0,2.47
2007-11-13,42.19,57.81,36.11,22.52,7.55,2.72
2007-11-20,39.56,60.44,36.97,22.42,8.06,2.93
2007-11-27,43.76,56.24,37.42,22.73,8.04,2.88
2007-12-04,41.44,58.56,36.33,20.68,6.15,3.24
2007-12-11,44.32,55.68,35.56,20.91,6.42,3.75
2007-12-18,52.23,47.77,28.97,17.43,5.36,3.13
2007-12-25,52.22,47.78,28.85,17.36,5.35,3.13
2008-01-01,49.27,50.73,29.21,17.04,4.81,1.99
2008-01-08,47.79,52.21,29.59,15.25,3.94,2.09
2008-01-15,46.72,53.28,29.82,16.03,3.71,1.82
2008-01-22,48.3,51.7,28.81,14.94,3.47,1.82
2008-01-29,43.59,56.41,31.57,16.19,4.4,2.29
2008-02-05,48.18,51.82,26.11,12.86,3.4,1.8
2008-02-12,45.87,54.13,25.05,12.62,3.41,1.8
2008-02-19,48.47,51.53,24.83,12.79,3.36,1.72
2008-02-26,50.09,49.91,29.19,15.05,3.35,1.09
2008-03-04,52.92,47.08,23.78,12.75,2.74,0.75
2008-03-11,53.96,46.04,22.73,12.0,2.22,0.32
2008-03-18,53.99,46.01,24.77,11.38,2.22,0.09
2008-03-25,54.17,45.83,23.62,10.51,2.1,0.0
2008-04-01,53.15,46.85,23.69,8.12,2.38,0.0
2008-04-08,53.83,46.17,26.63,7.99,2.62,0.0
2008-04-15,56.47,43.53,22.37,8.03,1.97,0.24
2008-04-22,54.54,45.46,26.92,9.15,2.51,0.29
2008-04-29,52.03,47.97,27.29,10.49,2.48,0.29
2008-05-06,52.6,47.4,25.61,8.74,2.2,0.0
2008-05-13,53.82,46.18,24.56,8.62,2.09,0.0
2008-05-20,54.3,45.7,25.19,8.64,1.55,0.0
2008-05-27,60.0,40.0,21.53,8.12,1.64,0.0
2008-06-03,58.46,41.54,23.08,8.57,1.78,0.0
2008-06-10,52.1,47.9,23.7,9.41,2.35,0.0
2008-06-17,52.13,47.87,30.23,12.1,4.28,0.32
2008-06-24,51.81,48.19,29.34,11.83,4.54,0.41
2008-07-01,52.26,47.74,28.07,12.06,4.36,0.79
2008-07-08,51.86,48.14,27.55,11.88,4.16,0.88
2008-07-15,51.87,48.13,27.07,10.81,3.47,0.83
2008-07-22,47.66,52.34,27.42,10.94,3.99,1.22
2008-07-29,57.11,42.89,23.63,10.59,3.65,0.81
2008-08-05,55.37,44.63,23.7,10.91,3.63,0.81
2008-08-12,56.58,43.42,22.9,10.79,3.7,0.8
2008-08-19,57.07,42.93,21.17,9.73,2.59,0.64
2008-08-26,55.41,44.59,19.47,7.72,1.61,0.12
2008-09-02,56.33,43.67,20.1,6.88,1.32,0.12
2008-09-09,59.59,40.41,19.07,6.63,1.21,0.12
2008-09-16,59.18,40.82,18.4,6.34,1.17,0.12
2008-09-23,58.65,41.35,19.22,6.82,1.28,0.15
2008-09-30,57.13,42.87,19.82,7.49,1.56,0.15
2008-10-07,57.66,42.34,19.48,7.6,1.47,0.15
2008-10-14,60.47,39.53,17.78,7.59,1.47,0.1
2008-10-21,59.1,40.9,18.87,7.97,1.47,0.1
2008-10-28,61.76,38.24,18.17,7.91,1.45,0.1
2008-11-04,59.94,40.06,18.23,7.28,1.57,0.16
2008-11-11,61.17,38.83,17.77,7.24,1.57,0.37
2008-11-18,60.31,39.69,17.61,6.87,1.5,0.37
2008-11-25,59.24,40.76,18.01,6.95,1.74,0.43
2008-12-02,56.63,43.37,18.2,6.71,1.79,0.52
2008-12-09,56.51,43.49,18.33,7.28,1.87,0.64
2008-12-16,53.07,46.93,20.86,7.19,1.56,0.37
2008-12-23,54.32,45.68,20.35,6.68,1.35,0.37
2008-12-30,58.2,41.8,19.19,6.17,1.24,0.37
2009-01-06,57.71,42.29,19.2,5.93,1.21,0.37
2009-01-13,58.24,41.76,19.43,6.46,1.64,0.37
2009-01-20,58.57,41.43,19.3,6.89,2.26,0.37
2009-01-27,54.95,45.05,21.07,8.42,2.45,0.37
2009-02-03,56.21,43.79,21.75,9.48,2.88,0.59
2009-02-10,49.87,50.13,21.96,9.6,2.88,0.67
2009-02-17,50.61,49.39,21.1,9.28,2.81,0.75
2009-02-24,50.36,49.64,24.01,8.99,2.71,0.75
2009-03-03,47.07,52.93,25.69,8.7,2.29,0.85
2009-03-10,45.64,54.36,25.71,7.64,2.13,0.85
2009-03-17,45.88,54.12,24.49,7.82,1.9,0.62
2009-03-24,42.79,57.21,26.6,8.08,1.9,0.62
2009-03-31,49.46,50.54,24.72,7.99,2.17,0.62
2009-04-07,53.44,46.56,22.41,9.41,2.17,0.62
2009-04-14,54.59,45.41,20.79,9.34,2.29,1.01
2009-04-21,56.22,43.78,19.33,8.94,2.15,0.99
2009-04-28,54.75,45.25,18.28,8.06,2.05,0.86
2009-05-05,60.91,39.09,17.24,7.38,2.12,0.86
2009-05-12,65.13,34.87,17.11,7.49,2.65,1.31
2009-05-19,66.28,33.72,17.1,7.21,1.9,0.75
2009-05-26,69.36,30.64,14.51,5.67,1.53,0.59
2009-06-02,66.36,33.64,14.29,6.06,1.46,0.57
2009-06-09,65.46,34.54,14.4,6.15,1.54,0.67
2009-06-16,65.73,34.27,13.7,5.94,1.46,0.67
2009-06-23,68.73,31.27,13.03,5.4,1.36,0.72
2009-06-30,67.3,32.7,13.4,5.51,1.76,0.98
2009-07-07,65.49,34.51,14.05,6.15,1.97,1.24
2009-07-14,63.78,36.22,15.12,6.42,2.18,1.58
2009-07-21,62.35,37.65,14.52,6.83,2.17,1.45
2009-07-28,64.89,35.11,13.84,6.81,2.18,1.65
2009-08-04,65.53,34.47,12.96,6.76,2.56,1.48
2009-08-11,65.11,34.89,12.44,6.4,2.56,1.48
2009-08-18,66.75,33.25,12.55,6.45,2.57,1.6
2009-08-25,69.94,30.06,11.9,5.09,1.95,1.39
2009-09-01,70.83,29.17,11.94,5.03,1.95,1.28
2009-09-08,65.66,34.34,14.99,5.79,2.2,1.42
2009-09-15,67.46,32.54,14.64,5.54,1.4,0.3
2009-09-22,70.54,29.46,12.83,5.22,1.31,0.28
2009-09-29,68.41,31.59,12.61,5.22,1.09,0.23
2009-10-06,70.15,29.85,12.27,4.8,0.63,0.11
2009-10-13,67.25,32.75,14.2,6.88,0.63,0.13
2009-10-20,73.48,26.52,10.79,4.5,0.58,0.11
2009-10-27,76.45,23.55,10.06,3.91,0.4,0.07
2009-11-03,74.71,25.29,12.7,4.53,0.46,0.08
2009-11-10,73.98,26.02,12.99,4.51,0.38,0.08
2009-11-17,78.26,21.74,10.65,4.05,0.33,0.07
2009-11-24,76.34,23.66,11.08,4.47,0.45,0.05
2009-12-01,76.36,23.64,11.05,4.41,0.41,0.0
2009-12-08,76.33,23.67,10.86,4.41,0.34,0.0
2009-12-15,74.27,25.73,10.61,3.76,0.17,0.0
2009-12-22,72.8,27.2,12.51,4.24,0.19,0.0
2009-12-29,71.94,28.06,10.46,3.59,0.17,0.0
2010-01-05,72.07,27.93,13.25,4.22,0.19,0.0
2010-01-12,68.84,31.16,13.8,6.13,0.36,0.0
2010-01-19,69.14,30.86,13.64,5.69,0.36,0.0
2010-01-26,71.95,28.05,9.15,1.6,0.13,0.0
2010-02-02,72.78,27.22,8.46,1.39,0.0,0.0
2010-02-09,70.84,29.16,6.64,1.2,0.02,0.0
2010-02-16,69.78,30.22,7.5,1.31,0.02,0.0
2010-02-23,71.85,28.15,9.03,1.59,0.0,0.0
2010-03-02,70.51,29.49,7.52,1.37,0.03,0.01
2010-03-09,68.89,31.11,8.13,2.02,0.05,0.01
2010-03-16,70.51,29.49,7.88,1.99,0.05,0.01
2010-03-23,71.16,28.84,7.97,1.92,0.05,0.01
2010-03-30,70.78,29.22,7.63,1.75,0.05,0.01
2010-04-06,69.46,30.54,7.69,1.75,0.04,0.01
2010-04-13,68.14,31.86,9.13,1.98,0.0,0.0
2010-04-20,67.16,32.84,8.54,1.92,0.04,0.01
2010-04-27,65.89,34.11,9.0,2.26,0.04,0.01
2010-05-04,67.27,32.73,9.17,2.26,0.04,0.01
2010-05-11,67.8,32.2,9.56,2.26,0.04,0.01
2010-05-18,71.91,28.09,8.72,2.36,0.07,0.01
2010-05-25,73.52,26.48,8.14,2.14,0.2,0.01
2010-06-01,70.67,29.33,8.59,2.79,0.44,0.01
2010-06-08,78.36,21.64,9.04,2.97,0.48,0.0
2010-06-15,78.65,21.35,8.59,2.27,0.48,0.0
2010-06-22,74.98,25.02,8.88,2.03,0.48,0.0
2010-06-29,75.24,24.76,8.46,1.85,0.39,0.0
2010-07-06,75.2,24.8,7.74,1.38,0.25,0.0
2010-07-13,72.69,27.31,6.67,1.19,0.26,0.01
2010-07-20,71.08,28.92,7.03,1.23,0.26,0.01
2010-07-27,74.3,25.7,8.95,1.84,0.28,0.0
2010-08-03,75.51,24.49,8.18,1.97,0.3,0.0
2010-08-10,74.69,25.31,8.33,1.94,0.3,0.0
2010-08-17,72.4,27.6,8.46,1.66,0.14,0.0
2010-08-24,73.99,26.01,8.01,1.44,0.14,0.0
2010-08-31,68.42,31.58,9.55,1.49,0.14,0.0
2010-09-07,70.31,29.69,9.17,1.83,0.22,0.0
2010-09-14,67.96,32.04,10.3,2.23,0.22,0.0
2010-09-21,63.94,36.06,12.21,2.93,0.3,0.0
2010-09-28,60.05,39.95,13.16,3.09,0.3,0.0
2010-10-05,63.64,36.36,11.72,2.71,0.32,0.0
2010-10-12,61.68,38.32,12.51,4.2,0.52,0.0
2010-10-19,61.94,38.06,12.53,4.77,0.95,0.01
2010-10-26,63.67,36.33,15.25,5.92,1.19,0.0
2010-11-02,63.24,36.76,13.28,5.47,1.15,0.0
2010-11-09,61.47,38.53,16.51,6.43,1.37,0.0
2010-11-16,60.02,39.98,16.52,5.98,1.26,0.0
2010-11-23,61.74,38.26,14.38,5.42,0.99,0.0
2010-11-30,60.26,39.74,16.67,6.03,0.78,0.0
2010-12-07,61.19,38.81,14.97,5.88,1.1,0.0
2010-12-14,61.45,38.55,16.62,6.03,1.2,0.0
2010-12-21,58.48,41.52,23.34,8.38,1.95,0.0
2010-12-28,59.06,40.94,23.75,9.06,2.36,0.0
2011-01-04,63.43,36.57,18.23,7.13,2.17,0.0
2011-01-11,63.5,36.5,19.4,6.42,1.99,0.0
2011-01-18,62.41,37.59,19.23,6.67,1.82,0.0
2011-01-25,61.5,38.5,20.14,7.5,1.74,0.0
2011-02-01,58.35,41.65,20.2,8.86,1.34,0.0
2011-02-08,56.64,43.36,24.27,9.64,1.43,0.0
2011-02-15,55.19,44.81,24.94,9.6,1.43,0.0
2011-02-22,60.56,39.44,23.64,9.57,1.73,0.0
2011-03-01,61.27,38.73,23.44,10.43,1.92,0.0
2011-03-08,63.12,36.88,23.07,10.51,2.24,0.0
2011-03-15,60.9,39.1,25.92,13.04,3.35,0.0
2011-03-22,64.11,35.89,22.95,12.47,3.98,0.0
2011-03-29,61.76,38.24,28.14,18.22,6.41,0.0
2011-04-05,65.61,34.39,24.11,15.19,7.31,0.35
2011-04-12,65.71,34.29,23.88,15.31,7.52,0.78
2011-04-19,66.31,33.69,22.97,15.87,8.25,1.19
2011-04-26,65.7,34.3,26.58,18.49,10.86,1.66
2011-05-03,66.23,33.77,26.39,19.25,11.66,3.12
2011-05-10,66.2,33.8,26.42,20.53,12.48,5.94
2011-05-17,70.23,29.77,22.09,17.29,11.01,5.04
2011-05-24,70.78,29.22,21.34,16.93,11.24,4.69
2011-05-31,68.95,31.05,25.56,20.69,14.68,6.26
2011-06-07,67.68,32.32,26.77,21.31,15.74,7.8
2011-06-14,68.11,31.89,22.69,18.21,13.72,7.54
2011-06-21,68.4,31.6,22.83,18.68,15.04,9.89
2011-06-28,65.21,34.79,23.49,19.45,15.35,9.97
2011-07-05,62.63,37.37,29.28,23.58,18.61,11.77
2011-07-12,66.75,33.25,24.0,19.79,15.6,9.99
2011-07-19,66.05,33.95,23.76,19.4,15.06,9.11
2011-07-26,62.97,37.03,24.67,19.93,15.2,9.23
2011-08-02,54.99,45.01,32.34,25.18,18.29,10.92
2011-08-09,60.05,39.95,27.52,20.68,15.44,9.58
2011-08-16,60.16,39.84,25.97,19.59,14.51,9.05
2011-08-23,59.88,40.12,25.93,19.58,14.4,9.31
2011-08-30,59.26,40.74,27.51,20.68,15.27,9.37
2011-09-06,63.05,36.95,25.14,19.55,15.08,9.36
2011-09-13,55.36,44.64,30.86,24.1,18.54,11.75
2011-09-20,64.09,35.91,25.53,19.78,15.03,9.48
2011-09-27,56.45,43.55,29.13,23.44,17.8,11.37
2011-10-04,55.13,44.87,30.0,23.76,18.0,11.69
2011-10-11,64.6,35.4,25.54,19.96,14.31,8.15
2011-10-18,59.33,40.67,29.84,23.69,17.44,9.91
2011-10-25,65.54,34.46,25.39,20.04,14.43,7.98
2011-11-01,56.97,43.03,32.56,24.35,17.73,8.86
2011-11-08,55.82,44.18,33.16,23.99,17.51,8.78
2011-11-15,56.09,43.91,31.89,23.99,17.22,8.7
2011-11-22,63.91,36.09,26.15,19.42,13.8,6.78
2011-11-29,65.58,34.42,24.61,18.33,12.51,5.0
2011-12-06,59.28,40.72,28.17,21.04,13.82,4.8
2011-12-13,64.07,35.93,23.52,17.47,10.75,3.83
2011-12-20,57.25,42.75,27.54,19.37,11.17,4.38
2011-12-27,58.87,41.13,23.89,15.89,8.37,2.76
2012-01-03,50.41,49.59,31.9,18.83,10.18,3.32
2012-01-10,46.29,53.71,32.55,18.83,9.76,2.63
2012-01-17,52.33,47.67,27.25,15.73,8.53,2.31
2012-01-24,41.8,58.2,36.21,18.44,9.8,2.74
2012-01-31,51.25,48.75,31.73,15.44,8.03,2.66
2012-02-07,42.98,57.02,37.87,18.01,9.17,3.14
2012-02-14,42.67,57.33,37.82,17.97,9.32,3.22
2012-02-21,42.76,57.24,37.93,17.34,7.64,2.43
2012-02-28,51.83,48.17,32.38,16.36,6.39,2.09
2012-03-06,52.12,47.88,32.68,16.18,6.06,2.04
2012-03-13,51.24,48.76,33.3,17.49,6.1,2.02
2012-03-20,53.05,46.95,32.09,16.09,5.76,1.84
2012-03-27,43.57,56.43,35.93,19.4,6.72,2.15
2012-04-03,49.67,50.33,30.79,16.47,5.57,1.61
2012-04-10,49.04,50.96,32.11,16.87,5.64,1.72
2012-04-17,40.56,59.44,36.94,19.6,6.57,1.89
2012-04-24,40.58,59.42,37.07,19.95,6.65,1.86
2012-05-01,40.68,59.32,38.18,20.4,6.92,1.93
2012-05-08,53.01,46.99,30.05,16.46,5.67,1.34
2012-05-15,54.12,45.88,28.18,15.41,4.78,0.85
2012-05-22,37.68,62.32,35.3,19.46,5.95,0.95
2012-05-29,46.4,53.6,31.31,15.87,4.38,0.55
2012-06-05,46.4,53.6,32.34,15.85,3.86,0.5
2012-06-12,47.62,52.38,33.24,16.04,3.29,0.24
2012-06-19,39.42,60.58,39.12,20.32,4.35,0.24
2012-06-26,32.89,67.11,42.81,25.72,7.15,0.34
2012-07-03,23.67,76.33,55.96,34.25,10.32,0.6
2012-07-10,28.3,71.7,50.92,31.11,9.71,0.62
2012-07-17,19.24,80.76,63.54,42.24,13.53,0.99
2012-07-24,28.19,71.81,53.45,38.12,17.2,1.99
2012-07-31,28.77,71.23,52.66,38.12,18.62,2.52
2012-08-07,29.81,70.19,52.28,38.49,20.18,3.51
2012-08-14,30.19,69.81,51.71,38.1,19.8,5.23
2012-08-21,30.53,69.47,52.9,36.84,19.24,5.27
2012-08-28,22.31,77.69,62.9,42.35,23.18,6.04
2012-09-04,22.53,77.47,63.4,42.48,21.45,6.14
2012-09-11,21.47,78.53,64.16,41.81,21.09,6.23
2012-09-18,21.84,78.16,64.82,41.07,20.75,5.96
2012-09-25,23.4,76.6,65.45,42.12,21.49,6.12
2012-10-02,24.1,75.9,64.59,40.07,20.13,6.07
2012-10-09,23.27,76.73,63.55,39.92,20.15,6.18
2012-10-16,25.01,74.99,62.39,38.83,19.08,5.84
2012-10-23,25.64,74.36,61.8,38.64,19.52,5.84
2012-10-30,27.11,72.89,60.16,38.27,19.04,5.88
2012-11-06,27.47,72.53,59.49,38.06,19.36,6.18
2012-11-13,27.55,72.45,58.84,35.98,18.3,6.01
2012-11-20,33.44,66.56,50.31,31.67,15.93,5.24
2012-11-27,28.81,71.19,52.44,34.76,16.83,5.34
2012-12-04,28.65,71.35,52.24,35.32,17.25,5.43
2012-12-11,30.56,69.44,51.82,35.63,17.62,5.43
2012-12-18,26.21,73.79,61.79,42.51,21.67,6.64
2012-12-25,26.15,73.85,61.82,42.46,21.6,6.73
2013-01-01,27.22,72.78,61.1,42.05,21.31,6.75
2013-01-08,28.26,71.74,60.26,41.71,20.8,6.7
2013-01-15,29.85,70.15,58.87,40.3,19.39,6.31
2013-01-22,30.22,69.78,57.64,40.07,19.31,6.36
2013-01-29,30.27,69.73,57.68,40.61,19.35,6.37
2013-02-05,32.03,67.97,56.84,40.13,19.1,6.85
2013-02-12,34.11,65.89,55.74,37.75,17.71,6.61
2013-02-19,33.15,66.85,55.82,37.41,18.66,6.66
2013-02-26,35.09,64.91,45.63,30.42,14.18,4.55
2013-03-05,34.33,65.67,53.34,36.44,17.04,5.45
2013-03-12,36.33,63.67,51.38,34.94,16.51,5.28
2013-03-19,36.59,63.41,43.7,29.67,14.08,4.51
2013-03-26,36.76,63.24,43.51,29.45,14.09,4.26
2013-04-02,33.29,66.71,51.92,35.31,17.13,5.2
2013-04-09,35.35,64.65,50.82,35.13,16.71,3.38
2013-04-16,42.03,57.97,40.32,26.85,12.18,2.15
2013-04-23,43.26,56.74,39.92,26.56,12.31,2.17
2013-04-30,45.16,54.84,39.55,27.38,11.67,2.84
2013-05-07,44.17,55.83,40.52,27.51,11.81,3.66
2013-05-14,38.27,61.73,47.67,32.3,13.64,4.4
2013-05-21,39.06,60.94,46.07,31.16,12.64,4.94
2013-05-28,43.12,56.88,44.34,29.57,11.75,4.75
2013-06-04,45.01,54.99,44.11,28.5,11.44,4.79
2013-06-11,46.93,53.07,44.13,28.44,11.36,4.69
2013-06-18,46.73,53.27,44.78,30.04,12.61,4.38
2013-06-25,49.4,50.6,38.12,26.79,10.98,3.65
2013-07-02,49.39,50.61,39.29,27.54,11.34,3.91
2013-07-09,47.62,52.38,44.86,33.61,13.84,4.67
2013-07-16,45.6,54.4,46.13,34.28,13.34,4.34
2013-07-23,41.7,58.3,46.55,33.37,12.54,3.83
2013-07-30,42.76,57.24,45.64,32.44,11.8,3.17
2013-08-06,42.6,57.4,45.5,32.32,11.98,2.77
2013-08-13,42.7,57.3,45.26,31.58,11.77,2.03
2013-08-20,40.02,59.98,45.62,32.23,10.54,1.32
2013-08-27,37.65,62.35,50.04,33.37,10.54,1.32
2013-09-03,38.28,61.72,50.1,32.4,9.86,1.25
2013-09-10,36.25,63.75,50.69,33.28,10.15,1.25
2013-09-17,35.9,64.1,48.19,28.35,6.85,0.43
2013-09-24,38.05,61.95,45.46,25.33,4.33,0.31
2013-10-01,44.21,55.79,37.21,17.33,2.56,0.24
2013-10-08,46.44,53.56,35.02,16.41,2.44,0.24
2013-10-15,45.24,54.76,36.71,18.13,2.75,0.29
2013-10-22,45.04,54.96,35.0,18.12,2.82,0.3
2013-10-29,44.13,55.87,34.7,18.07,2.83,0.3
2013-11-05,44.88,55.12,32.24,17.45,2.93,0.34
2013-11-12,47.89,52.11,29.33,14.46,2.49,0.28
2013-11-19,47.08,52.92,28.04,14.5,3.27,0.31
2013-11-26,49.23,50.77,26.47,13.81,3.18,0.32
2013-12-03,44.56,55.44,30.59,16.5,3.82,0.39
2013-12-10,51.08,48.92,25.47,13.71,3.19,0.32
2013-12-17,43.41,56.59,31.5,16.63,3.9,0.41
2013-12-24,53.03,46.97,26.15,13.94,3.34,0.31
2013-12-31,54.2,45.8,26.02,13.96,3.31,0.31
2014-01-07,52.89,47.11,27.9,14.34,3.46,0.31
2014-01-14,53.97,46.03,28.88,15.94,5.36,0.31
2014-01-21,53.3,46.7,28.91,15.94,5.36,0.31
2014-01-28,43.74,56.26,36.49,20.76,7.24,0.83
2014-02-04,43.45,56.55,37.39,20.84,7.37,0.88
2014-02-11,44.53,55.47,37.6,21.41,6.86,0.88
2014-02-18,53.44,46.56,29.96,17.77,6.06,0.95
2014-02-25,45.89,54.11,36.08,21.54,7.65,1.76
2014-03-04,53.22,46.78,30.05,18.02,6.19,1.32
2014-03-11,47.91,52.09,35.74,21.71,7.7,1.66
2014-03-18,56.47,43.53,31.34,18.61,7.07,1.37
2014-03-25,48.02,51.98,38.27,23.09,9.7,2.09
2014-04-01,47.11,52.89,38.37,24.12,9.8,2.18
2014-04-08,50.29,49.71,37.99,24.23,9.88,2.53
2014-04-15,59.04,40.96,31.65,21.06,8.44,2.36
2014-04-22,49.83,50.17,38.43,26.2,11.48,3.26
2014-04-29,51.18,48.82,38.43,26.76,12.77,3.88
2014-05-06,49.33,50.67,40.06,28.34,14.49,4.45
2014-05-13,58.73,41.27,31.82,23.43,11.7,3.73
2014-05-20,59.66,40.34,31.85,23.64,12.09,4.17
2014-05-27,52.12,47.88,37.93,27.72,13.64,3.35
2014-06-03,52.14,47.86,37.33,27.28,13.24,3.02
2014-06-10,53.91,46.09,36.15,25.97,12.18,2.68
2014-06-17,58.64,41.36,29.7,21.25,9.72,2.62
2014-06-24,54.67,45.33,35.03,24.82,11.23,2.91
2014-07-01,55.57,44.43,34.02,25.01,11.98,2.98
2014-07-08,54.52,45.48,34.25,24.95,12.02,2.94
2014-07-15,54.61,45.39,34.16,24.12,11.87,2.86
2014-07-22,53.8,46.2,33.63,23.86,11.26,2.79
2014-07-29,52.49,47.51,34.06,22.77,10.6,3.9
2014-08-05,52.44,47.56,33.94,22.19,10.19,3.84
2014-08-12,52.81,47.19,33.62,22.03,10.24,3.79
2014-08-19,51.93,48.07,33.56,21.62,10.12,3.8
2014-08-26,52.23,47.77,33.87,21.56,10.08,3.8
2014-09-02,53.16,46.84,32.79,20.93,9.91,3.8
2014-09-09,53.9,46.1,31.27,20.31,9.47,3.7
2014-09-16,62.13,37.87,26.0,16.67,7.79,3.11
2014-09-23,54.53,45.47,30.63,18.4,9.26,3.72
2014-09-30,52.22,47.78,30.57,18.67,9.41,3.85
2014-10-07,53.03,46.97,30.52,18.66,9.46,3.87
2014-10-14,55.59,44.41,29.78,18.14,9.3,3.87
2014-10-21,56.16,43.84,29.8,18.04,9.09,3.87
2014-10-28,56.52,43.48,29.61,18.02,9.17,3.99
2014-11-04,54.74,45.26,29.86,17.7,8.91,3.81
2014-11-11,53.21,46.79,29.59,17.27,8.82,3.79
2014-11-18,52.78,47.22,29.45,17.13,8.82,3.79
2014-11-25,52.73,47.27,28.91,16.81,8.72,3.68
2014-12-02,52.23,47.77,29.14,16.9,8.81,3.68
2014-12-09,51.32,48.68,29.84,17.09,8.94,3.69
2014-12-16,50.28,49.72,30.05,17.27,8.85,2.49
2014-12-23,57.99,42.01,25.04,14.36,7.39,2.11
2014-12-30,53.2,46.8,28.68,16.93,8.96,2.54
2015-01-06,62.98,37.02,23.48,14.0,7.39,2.07
2015-01-13,55.38,44.62,27.97,16.65,8.85,2.89
2015-01-20,53.6,46.4,28.18,16.97,8.88,2.91
2015-01-27,48.28,51.72,28.59,16.83,8.95,3.15
2015-02-03,50.34,49.66,28.44,16.05,8.87,3.12
2015-02-10,55.97,44.03,24.32,13.52,7.09,2.73
2015-02-17,45.25,54.75,32.13,16.45,8.6,3.37
2015-02-24,50.11,49.89,27.52,13.72,7.37,2.76
2015-03-03,47.48,52.52,31.88,15.66,8.43,3.21
2015-03-10,47.36,52.64,31.6,15.73,8.39,3.17
2015-03-17,46.04,53.96,34.73,16.25,8.62,3.17
2015-03-24,44.6,55.4,34.58,16.97,8.81,3.34
2015-03-31,41.42,58.58,36.84,18.6,8.97,3.34
2015-04-07,45.03,54.97,30.89,16.01,7.64,3.03
2015-04-14,41.23,58.77,37.47,19.14,9.09,3.55
2015-04-21,46.62,53.38,37.13,18.97,8.58,3.55
2015-04-28,46.75,53.25,37.41,20.03,8.1,3.41
2015-05-05,44.24,55.76,37.79,20.36,7.86,3.39
2015-05-12,49.32,50.68,28.97,14.77,6.01,2.62
2015-05-19,47.81,52.19,31.54,15.16,6.94,3.14
2015-05-26,49.27,50.73,26.35,14.2,6.94,3.13
2015-06-02,58.21,41.79,20.59,11.86,5.93,2.62
2015-06-09,60.87,39.13,19.52,11.46,5.77,2.56
2015-06-16,59.1,40.9,20.67,11.39,5.65,2.39
2015-06-23,59.88,40.12,25.13,14.31,6.76,2.86
2015-06-30,61.47,38.53,25.88,15.54,6.76,2.86
2015-07-07,63.45,36.55,25.94,17.15,7.47,2.86
2015-07-14,60.6,39.4,25.12,14.64,6.25,2.36
2015-07-21,64.02,35.98,26.06,16.74,7.48,2.83
2015-07-28,55.81,44.19,24.82,14.38,7.36,2.36
2015-08-04,52.98,47.02,26.02,14.62,7.37,2.36
2015-08-11,51.66,48.34,27.52,14.98,7.69,2.51
2015-08-18,54.76,45.24,29.4,18.21,9.41,3.0
2015-08-25,55.04,44.96,29.48,18.07,10.96,3.0
2015-09-01,50.12,49.88,28.4,15.69,8.98,2.51
2015-09-08,48.0,52.0,28.15,16.44,9.14,2.51
2015-09-15,48.45,51.55,31.53,19.58,11.17,3.0
2015-09-22,47.25,52.75,26.93,16.57,9.5,2.51
2015-09-29,44.91,55.09,31.36,20.09,11.45,3.0
2015-10-06,48.99,51.01,31.58,21.46,12.03,3.06
2015-10-13,46.61,53.39,32.63,22.51,13.25,3.27
2015-10-20,41.03,58.97,34.78,23.23,14.42,3.76
2015-10-27,46.24,53.76,30.27,17.21,10.34,3.0
2015-11-03,51.85,48.15,26.17,15.46,8.84,2.72
2015-11-10,58.54,41.46,21.07,12.76,7.08,2.26
2015-11-17,56.39,43.61,22.79,14.88,8.47,2.7
2015-11-24,61.55,38.45,21.9,14.83,8.42,2.7
2015-12-01,67.59,32.41,17.23,12.28,6.98,2.26
2015-12-08,64.85,35.15,20.17,14.35,7.98,2.7
2015-12-15,65.42,34.58,19.61,13.12,6.59,2.7
2015-12-22,66.22,33.78,19.32,12.65,6.59,2.7
2015-12-29,66.99,33.01,18.74,11.56,6.28,2.7
2016-01-05,68.57,31.43,18.39,10.03,5.16,2.7
2016-01-12,70.46,29.54,17.28,9.98,5.16,2.59
2016-01-19,71.24,28.76,16.37,8.51,4.84,2.42
2016-01-26,71.99,28.01,15.48,8.51,4.61,2.29
2016-02-02,71.08,28.92,15.48,8.44,4.61,2.25
2016-02-09,70.81,29.19,14.97,7.85,4.25,2.19
2016-02-16,67.75,32.25,15.05,7.73,4.08,2.19
2016-02-23,73.15,26.85,12.32,6.5,3.39,1.83
2016-03-01,68.02,31.98,14.3,7.77,4.05,2.19
2016-03-08,68.54,31.46,10.53,6.21,3.39,1.83
2016-03-15,66.5,33.5,12.41,6.46,3.76,1.87
2016-03-22,68.16,31.84,12.09,5.11,3.14,1.56
2016-03-29,61.1,38.9,15.09,5.85,3.76,1.87
2016-04-05,65.56,34.44,14.12,5.06,3.14,1.43
2016-04-12,60.8,39.2,17.75,6.1,3.76,1.71
2016-04-19,63.33,36.67,13.04,5.04,2.88,0.92
2016-04-26,63.02,36.98,12.99,5.0,2.88,0.92
2016-05-03,67.86,32.14,12.27,4.64,2.88,0.92
2016-05-10,70.76,29.24,12.3,4.49,2.83,0.92
2016-05-17,71.99,28.01,11.7,4.07,2.06,0.92
2016-05-24,71.17,28.83,11.47,3.68,2.06,0.92
2016-05-31,70.62,29.38,10.74,3.56,2.06,0.92
2016-06-07,68.12,31.88,11.15,3.8,2.06,0.92
2016-06-14,64.55,35.45,11.59,4.0,1.89,0.92
2016-06-21,61.05,38.95,12.45,4.24,1.89,0.92
2016-06-28,59.24,40.76,13.6,4.56,1.97,0.92
2016-07-05,55.76,44.24,17.77,6.03,2.51,1.11
2016-07-12,55.6,44.4,17.68,6.19,2.57,1.11
2016-07-19,52.34,47.66,18.79,6.78,2.85,1.11
2016-07-26,53.86,46.14,17.38,5.97,2.44,0.92
2016-08-02,49.86,50.14,21.12,7.28,2.89,1.11
2016-08-09,48.33,51.67,21.79,8.2,2.82,1.11
2016-08-16,57.46,42.54,16.62,6.44,2.43,0.92
2016-08-23,54.63,45.37,19.41,7.41,2.7,1.11
2016-08-30,62.3,37.7,16.31,6.07,2.26,0.92
2016-09-06,55.82,44.18,19.09,7.35,2.73,1.11
2016-09-13,55.8,44.2,18.34,7.72,2.86,1.11
2016-09-20,54.97,45.03,18.82,7.76,2.94,1.11
2016-09-27,53.6,46.4,18.96,8.1,3.2,1.16
2016-10-04,63.37,36.63,16.24,6.99,2.63,0.98
2016-10-11,55.39,44.61,20.13,8.68,3.45,1.26
2016-10-18,61.23,38.77,18.47,8.07,3.23,1.09
2016-10-25,55.68,44.32,23.92,10.25,4.08,1.54
2016-11-01,52.28,47.72,26.79,10.95,4.86,1.71
2016-11-08,57.63,42.37,22.86,9.51,4.14,1.59
2016-11-15,55.05,44.95,25.18,12.07,5.35,1.97
2016-11-22,52.54,47.46,26.02,14.26,6.9,2.28
2016-11-29,43.69,56.31,31.46,16.6,8.66,2.68
2016-12-06,52.7,47.3,25.4,11.68,4.43,1.66
2016-12-13,45.78,54.22,29.82,12.89,5.02,1.99
2016-12-20,52.75,47.25,23.53,8.85,3.82,1.58
2016-12-27,49.19,50.81,24.04,10.09,4.53,1.81
2017-01-03,59.71,40.29,18.83,7.21,2.63,0.8
2017-01-10,63.43,36.57,17.4,6.65,2.18,0.09
2017-01-17,65.23,34.77,16.09,5.66,2.0,0.09
2017-01-24,71.05,28.95,13.47,3.72,0.37,0.0
2017-01-31,68.03,31.97,14.54,3.83,0.41,0.0
2017-02-07,69.0,31.0,14.26,3.4,0.34,0.0
2017-02-14,71.99,28.01,11.32,2.65,0.29,0.0
2017-02-21,68.43,31.57,11.52,2.77,0.28,0.0
2017-02-28,66.03,33.97,11.77,3.07,0.41,0.0
2017-03-07,67.23,32.77,14.93,4.0,0.53,0.0
2017-03-14,68.23,31.77,12.74,3.3,0.41,0.0
2017-03-21,64.56,35.44,13.39,3.12,0.36,0.0
2017-03-28,65.12,34.88,11.91,2.39,0.17,0.0
2017-04-04,69.97,30.03,8.26,1.28,0.09,0.0
2017-04-11,72.23,27.77,6.88,1.23,0.07,0.0
2017-04-18,71.96,28.04,6.91,1.24,0.07,0.0
2017-04-25,76.38,23.62,5.15,0.92,0.03,0.0
2017-05-02,82.63,17.37,4.2,1.1,0.1,0.0
2017-05-09,81.96,18.04,4.41,1.1,0.23,0.0
2017-05-16,80.74,19.26,4.73,1.15,0.36,0.0
2017-05-23,82.66,17.34,3.82,1.02,0.35,0.0
2017-05-30,79.29,20.71,4.46,0.94,0.24,0.0
2017-06-06,80.3,19.7,7.5,1.04,0.0,0.0
2017-06-13,77.73,22.27,7.06,1.31,0.0,0.0
2017-06-20,80.5,19.5,6.99,2.13,0.55,0.0
2017-06-27,76.8,23.2,7.75,2.72,0.81,0.0
2017-07-04,77.65,22.35,8.45,3.83,1.43,0.0
2017-07-11,75.54,24.46,9.1,3.6,1.83,0.0
2017-07-18,68.83,31.17,10.03,3.99,1.93,0.19
2017-07-25,67.3,32.7,10.98,5.18,2.62,0.76
2017-08-01,67.99,32.01,11.04,4.39,2.17,0.63
2017-08-08,69.72,30.28,9.63,4.52,1.98,0.63
2017-08-15,74.67,25.33,9.58,4.48,2.05,0.59
2017-08-22,75.19,24.81,10.23,4.61,2.03,0.49
2017-08-29,74.24,25.76,10.0,4.82,2.22,1.01
2017-09-05,73.38,26.62,11.43,4.98,2.36,1.07
2017-09-12,71.59,28.41,13.55,5.24,2.62,1.07
2017-09-19,69.04,30.96,13.07,4.71,2.0,0.72
2017-09-26,68.98,31.02,11.65,4.19,1.97,0.72
2017-10-03,67.38,32.62,12.12,3.98,1.17,0.42
2017-10-10,68.03,31.97,11.91,3.39,0.89,0.22
2017-10-17,68.29,31.71,10.55,2.51,0.69,0.0
2017-10-24,69.49,30.51,10.08,2.18,0.74,0.0
2017-10-31,71.88,28.12,10.06,2.25,0.74,0.0
2017-11-07,72.48,27.52,10.08,2.44,0.63,0.0
2017-11-14,70.65,29.35,10.96,2.95,0.63,0.0
2017-11-21,69.15,30.85,12.91,3.48,0.63,0.0
2017-11-28,64.27,35.73,17.71,4.09,0.86,0.0
2017-12-05,60.14,39.86,20.34,5.01,1.03,0.0
2017-12-12,45.08,54.92,23.85,6.49,1.78,0.0
2017-12-19,52.51,47.49,21.91,5.82,1.07,0.0
2017-12-26,45.31,54.69,26.37,4.95,0.83,0.0
2018-01-02,53.52,46.48,23.18,6.24,0.69,0.0
2018-01-09,51.6,48.4,26.81,7.27,0.39,0.0
2018-01-16,39.07,60.93,33.04,10.03,0.64,0.0
2018-01-23,47.74,52.26,29.58,11.36,0.75,0.0
2018-01-30,38.07,61.93,32.11,14.38,1.44,0.0
2018-02-06,39.68,60.32,33.14,15.41,2.17,0.0
2018-02-13,45.08,54.92,30.37,15.07,2.47,0.0
2018-02-20,46.15,53.85,30.48,14.84,2.69,0.0
2018-02-27,50.03,49.97,26.15,11.96,2.69,0.0
2018-03-06,51.86,48.14,25.96,12.95,4.13,0.1
2018-03-13,47.9,52.1,31.04,16.31,5.67,0.2
2018-03-20,54.89,45.11,26.35,13.94,5.36,0.17
2018-03-27,55.52,44.48,26.14,13.67,6.07,0.46
2018-04-03,52.45,47.55,29.42,16.37,7.59,0.6
2018-04-10,59.42,40.58,25.24,13.94,6.78,1.1
2018-04-17,62.5,37.5,24.54,13.64,6.84,1.43
2018-04-24,62.77,37.23,24.22,13.66,7.1,1.64
2018-05-01,57.24,42.76,28.6,16.32,8.89,2.21
2018-05-08,61.14,38.86,23.12,13.31,7.78,1.93
2018-05-15,60.14,39.86,23.63,13.96,7.94,2.07
2018-05-22,63.48,36.52,22.32,14.07,7.85,2.0
2018-05-29,57.44,42.56,26.42,16.92,9.24,2.09
2018-06-05,60.96,39.04,22.63,14.26,7.66,1.71
2018-06-12,59.8,40.2,23.28,14.18,7.72,1.65
2018-06-19,59.56,40.44,22.67,13.82,6.88,1.53
2018-06-26,58.23,41.77,24.05,13.31,6.92,1.54
2018-07-03,57.96,42.04,24.83,13.91,6.96,1.57
2018-07-10,51.44,48.56,30.37,16.46,8.83,1.9
2018-07-17,57.04,42.96,26.31,14.02,7.21,1.57
2018-07-24,54.17,45.83,27.36,16.14,7.23,1.35
2018-07-31,53.49,46.51,28.95,16.22,7.11,1.35
2018-08-07,53.78,46.22,30.23,17.61,7.46,1.35
2018-08-14,50.54,49.46,30.7,16.73,6.8,1.42
2018-08-21,51.3,48.7,29.76,15.98,6.3,1.34
2018-08-28,52.47,47.53,29.2,16.2,6.26,1.3
2018-09-04,54.28,45.72,29.1,15.76,6.3,1.24
2018-09-11,49.57,50.43,30.39,16.7,6.88,1.48
2018-09-18,49.67,50.33,30.85,16.94,7.22,1.58
2018-09-25,51.36,48.64,29.54,17.46,7.49,1.73
2018-10-02,59.47,40.53,24.58,14.56,6.08,1.45
2018-10-09,56.69,43.31,26.19,14.41,5.65,1.45
2018-10-16,61.65,38.35,24.05,13.51,4.95,1.35
2018-10-23,61.87,38.13,23.91,13.23,4.8,1.35
2018-10-30,63.41,36.59,22.0,12.56,4.65,1.35
2018-11-06,64.33,35.67,21.24,11.82,4.32,1.34
2018-11-13,64.86,35.14,20.94,11.56,4.28,1.32
2018-11-20,66.39,33.61,22.41,11.46,4.3,1.32
2018-11-27,65.97,34.03,22.87,11.42,4.28,1.32
2018-12-04,67.45,32.55,22.18,11.34,3.79,1.17
2018-12-11,67.16,32.84,22.69,11.2,3.75,1.17
2018-12-18,66.85,33.15,22.72,11.2,3.72,1.15
2018-12-25,70.52,29.48,19.18,9.51,2.8,0.96
2019-01-01,69.05,30.95,21.9,10.73,3.29,1.14
2019-01-08,69.56,30.44,21.56,10.5,3.15,1.11
2019-01-15,68.52,31.48,21.59,10.02,3.09,1.11
2019-01-22,72.91,27.09,17.08,6.9,1.65,0.13
2019-01-29,70.2,29.8,16.53,6.75,1.92,0.15
2019-02-05,69.83,30.17,15.71,6.74,1.92,0.16
2019-02-12,67.83,32.17,15.61,6.24,1.91,0.06
2019-02-19,70.16,29.84,15.1,5.79,1.33,0.06
2019-02-26,73.32,26.68,11.92,3.85,0.55,0.04
2019-03-05,73.56,26.44,11.72,2.8,0.53,0.04
2019-03-12,78.01,21.99,6.46,1.75,0.53,0.04
2019-03-19,81.23,18.77,4.78,1.17,0.33,0.0
2019-03-26,81.65,18.35,4.85,0.86,0.0,0.0
2019-04-02,79.37,20.63,5.73,0.88,0.0,0.0
2019-04-09,81.91,18.09,4.36,0.65,0.0,0.0
2019-04-16,87.07,12.93,3.78,0.86,0.0,0.0
2019-04-23,87.65,12.35,2.28,0.27,0.0,0.0
2019-04-30,88.88,11.12,2.33,0.27,0.0,0.0
2019-05-07,90.68,9.32,2.53,0.2,0.0,0.0
2019-05-14,91.16,8.84,2.4,0.04,0.0,0.0
2019-05-21,91.01,8.99,2.71,0.27,0.14,0.0
2019-05-28,88.74,11.26,3.33,0.28,0.14,0.0
2019-06-04,88.06,11.94,4.97,0.7,0.14,0.0
2019-06-11,89.42,10.58,4.12,0.31,0.0,0.0
2019-06-18,88.85,11.15,3.99,0.77,0.14,0.0
2019-06-25,89.37,10.63,3.32,0.82,0.14,0.0
2019-07-02,90.04,9.96,3.22,0.59,0.0,0.0
2019-07-09,80.66,19.34,3.63,0.81,0.14,0.0
2019-07-16,80.42,19.58,6.56,0.87,0.14,0.0
2019-07-23,89.15,10.85,3.04,0.45,0.0,0.0
2019-07-30,77.16,22.84,6.93,1.31,0.14,0.0
2019-08-06,81.02,18.98,4.38,0.55,0.0,0.0
2019-08-13,75.82,24.18,6.2,0.89,0.02,0.0
2019-08-20,72.41,27.59,7.95,1.79,0.26,0.0
2019-08-27,71.2,28.8,10.52,2.31,0.38,0.0
2019-09-03,70.19,29.81,11.33,2.34,0.41,0.0
2019-09-10,68.97,31.03,13.58,2.81,0.31,0.0
2019-09-17,65.8,34.2,14.06,3.52,0.32,0.0
2019-09-24,60.99,39.01,17.37,3.92,0.31,0.0
2019-10-01,60.59,39.41,19.28,5.95,0.79,0.0
2019-10-08,63.19,36.81,20.4,7.57,1.2,0.0
2019-10-15,60.22,39.78,21.19,9.16,1.48,0.0
2019-10-22,62.69,37.31,21.01,8.51,0.92,0.0
2019-10-29,70.15,29.85,15.59,6.51,0.43,0.0
2019-11-05,75.01,24.99,13.75,5.28,0.44,0.0
2019-11-12,70.09,29.91,14.67,5.88,0.05,0.0
2019-11-19,73.58,26.42,12.2,4.84,0.16,0.0
2019-11-26,70.89,29.11,11.95,4.8,0.16,0.0
2019-12-03,72.03,27.97,9.91,3.85,0.09,0.0
2019-12-10,72.04,27.96,11.11,4.45,0.1,0.0
2019-12-17,76.14,23.86,10.74,3.41,0.09,0.0
2019-12-24,77.34,22.66,10.45,3.5,0.09,0.0
2019-12-31,78.53,21.47,9.53,3.21,0.06,0.0
2020-01-07,75.94,24.06,11.19,3.22,0.12,0.0
2020-01-14,79.49,20.51,9.12,2.61,0.1,0.0
2020-01-21,78.18,21.82,9.6,2.84,0.06,0.0
2020-01-28,76.11,23.89,9.2,2.01,0.04,0.0
2020-02-04,76.93,23.07,8.88,2.06,0.06,0.0
2020-02-11,78.22,21.78,8.87,2.15,0.14,0.0
2020-02-18,76.49,23.51,9.56,2.49,0.23,0.0
2020-02-25,79.74,20.26,8.5,1.88,0.2,0.0
2020-03-03,79.1,20.9,9.63,2.1,0.43,0.0
2020-03-10,79.69,20.31,10.75,2.17,0.43,0.0
2020-03-17,79.17,20.83,10.53,2.42,0.51,0.02
2020-03-24,79.05,20.95,9.9,2.36,0.33,0.03
2020-03-31,74.79,25.21,14.54,3.04,0.48,0.03
2020-04-07,78.67,21.33,12.43,2.38,0.18,0.01
2020-04-14,74.42,25.58,14.52,4.34,0.16,0.01
2020-04-21,77.5,22.5,12.27,4.72,0.41,0.0
2020-04-28,76.0,24.0,12.33,4.72,0.39,0.0
2020-05-05,74.25,25.75,13.44,5.24,0.81,0.0
2020-05-12,71.28,28.72,14.56,5.93,1.01,0.0
2020-05-19,70.1,29.9,15.8,6.1,1.09,0.0
2020-05-26,71.1,28.9,15.49,6.0,1.03,0.0
2020-06-02,69.84,30.16,16.7,6.45,1.07,0.0
2020-06-09,67.53,32.47,17.89,7.06,1.5,0.0
2020-06-16,63.27,36.73,19.61,8.31,1.9,0.0
2020-06-23,62.43,37.57,21.36,8.26,1.9,0.0
2020-06-30,61.85,38.15,21.42,8.81,2.08,0.06
2020-07-07,58.37,41.63,21.63,9.21,1.96,0.0
2020-07-14,56.01,43.99,23.04,9.7,2.29,0.0
2020-07-21,52.47,47.53,26.33,10.29,2.18,0.0
2020-07-28,52.16,47.84,27.41,11.78,2.43,0.0
2020-08-04,53.51,46.49,27.98,12.68,2.63,0.0
2020-08-11,54.43,45.57,28.76,13.37,3.2,0.0
2020-08-18,53.51,46.49,30.64,16.8,3.68,0.02
2020-08-25,50.01,49.99,32.87,20.06,6.59,0.07
2020-09-01,46.27,53.73,33.27,20.69,7.19,0.08
2020-09-08,47.06,52.94,32.68,21.02,9.79,0.14
2020-09-15,47.0,53.0,32.82,21.0,9.64,0.36
2020-09-22,46.13,53.87,33.49,21.71,10.67,0.48
2020-09-29,44.5,55.5,35.78,22.89,12.23,1.0
2020-10-06,44.96,55.04,37.2,24.29,13.33,1.73
2020-10-13,35.18,64.82,46.75,29.86,16.84,2.07
2020-10-20,34.04,65.96,47.03,29.5,18.22,2.82
2020-10-27,35.58,64.42,46.09,29.85,18.02,2.82
2020-11-03,45.93,54.07,37.94,24.18,14.84,2.38
2020-11-10,35.55,64.45,45.91,30.05,18.8,4.06
2020-11-17,35.37,64.63,47.3,30.79,18.83,5.65
2020-11-24,32.59,67.41,48.62,32.03,20.38,8.52
2020-12-01,33.15,66.85,48.04,31.9,21.02,9.87
2020-12-08,32.59,67.41,49.1,33.48,21.1,9.9
2020-12-15,33.03,66.97,49.34,34.11,22.03,9.89
2020-12-22,32.97,67.03,49.59,34.2,22.21,9.89
2020-12-29,33.59,66.41,48.99,34.22,22.21,9.89
2021-01-05,38.4,61.6,45.76,32.89,21.1,9.46
2021-01-12,38.24,61.76,44.86,32.5,21.16,9.26
2021-01-19,36.53,63.47,45.01,32.43,21.26,9.36
2021-01-26,37.68,62.32,46.03,32.51,21.11,8.96
2021-02-02,35.64,64.36,45.78,31.48,20.39,8.78
2021-02-09,35.32,64.68,45.93,31.28,20.38,8.79
2021-02-16,35.54,64.46,45.19,30.17,19.02,8.14
2021-02-23,36.1,63.9,45.56,30.85,18.66,8.44
2021-03-02,38.33,61.67,46.58,30.93,18.62,8.5
2021-03-09,33.46,66.54,46.71,31.61,18.57,8.58
2021-03-16,34.15,65.85,44.14,30.05,17.76,8.56
2021-03-23,35.79,64.21,43.56,29.83,18.06,8.74
2021-03-30,36.59,63.41,43.92,29.62,18.69,8.71
2021-04-06,35.64,64.36,45.05,30.7,20.24,8.92
2021-04-13,37.45,62.55,45.5,31.31,20.86,9.06
2021-04-20,35.32,64.68,47.27,31.82,21.14,9.09
2021-04-27,31.73,68.27,48.37,32.48,21.72,9.22
2021-05-04,34.36,65.64,46.55,32.24,22.56,9.04
2021-05-11,38.85,61.15,46.16,31.89,22.5,9.54
2021-05-18,40.31,59.69,44.22,31.04,21.89,9.71
2021-05-25,38.64,61.36,43.42,30.16,21.25,10.23
2021-06-01,41.0,59.0,43.7,30.48,20.99,9.77
2021-06-08,46.4,53.6,37.82,26.77,17.76,8.26
2021-06-15,47.31,52.69,38.5,27.51,17.9,8.26
2021-06-22,39.32,60.68,47.67,34.72,21.82,9.87
2021-06-29,41.48,58.52,47.19,35.71,22.74,9.71
2021-07-06,42.48,57.52,47.27,36.69,22.71,9.49
2021-07-13,44.22,55.78,46.45,37.08,24.17,9.88
2021-07-20,49.94,50.06,40.13,31.81,21.38,8.36
2021-07-27,50.57,49.43,39.74,32.11,21.29,7.39
2021-08-03,50.79,49.21,39.99,32.64,21.71,7.45
2021-08-10,49.69,50.31,39.98,32.65,22.11,7.57
2021-08-17,49.65,50.35,40.28,32.17,22.39,7.71
2021-08-24,51.34,48.66,39.62,31.81,21.43,6.99
2021-08-31,44.48,55.52,46.63,36.6,24.49,7.92
2021-09-07,45.14,54.86,45.61,35.71,23.98,7.61
2021-09-14,41.55,58.45,45.61,35.68,23.77,7.53
2021-09-21,49.0,51.0,38.98,29.59,19.0,6.03
2021-09-28,47.51,52.49,40.05,30.61,19.32,6.07
2021-10-05,37.64,62.36,47.45,36.47,23.09,7.07
2021-10-12,47.61,52.39,39.61,29.53,18.58,5.86
2021-10-19,48.34,51.66,38.88,28.14,17.36,5.58
2021-10-26,46.23,53.77,39.62,28.29,15.95,5.04
2021-11-02,37.22,62.78,47.81,32.93,17.98,5.74
2021-11-09,37.05,62.95,48.09,32.6,17.71,5.46
2021-11-16,36.53,63.47,48.8,32.54,17.17,5.33
2021-11-23,34.49,65.51,50.53,33.0,17.24,5.33
2021-11-30,30.95,69.05,53.42,35.11,17.77,5.33
2021-12-07,39.59,60.41,46.53,31.05,14.92,4.16
2021-12-14,38.04,61.96,46.15,30.66,14.83,3.81
2021-12-21,27.58,72.42,55.2,36.71,17.57,3.68
2021-12-28,26.51,73.49,55.29,36.26,14.01,1.9
2022-01-04,39.91,60.09,45.82,29.35,10.33,1.3
2022-01-11,28.18,71.82,54.98,35.34,11.49,1.24
2022-01-18,29.03,70.97,55.1,36.01,11.29,1.19
2022-01-25,29.13,70.87,55.2,36.39,12.21,1.32
2022-02-01,39.41,60.59,46.33,30.52,10.21,1.12
2022-02-08,28.83,71.17,55.47,35.4,11.32,1.34
2022-02-15,27.42,72.58,57.06,36.35,11.85,1.24
2022-02-22,38.52,61.48,48.19,30.32,10.17,1.03
2022-03-01,38.38,61.62,49.58,33.4,11.12,0.98
2022-03-08,24.87,75.13,61.11,41.83,14.95,2.04
2022-03-15,37.76,62.24,51.09,35.48,14.24,1.74
2022-03-22,39.74,60.26,48.83,34.15,13.82,1.47
2022-03-29,30.47,69.53,57.97,41.27,17.14,1.85
2022-04-05,41.92,58.08,48.01,36.16,14.63,1.78
2022-04-12,43.47,56.53,47.52,36.17,16.19,2.16
2022-04-19,34.18,65.82,55.38,42.99,20.24,2.82
2022-04-26,35.88,64.12,54.2,42.29,19.73,3.56
2022-05-03,36.11,63.89,53.77,40.48,18.52,4.16
2022-05-10,48.19,51.81,44.38,33.25,16.69,3.57
2022-05-17,36.86,63.14,52.54,39.9,21.61,5.77
2022-05-24,38.01,61.99,50.66,39.15,20.94,5.96
2022-05-31,41.58,58.42,49.3,36.98,20.14,5.52
2022-06-07,45.1,54.9,40.1,28.74,16.4,4.54
2022-06-14,42.78,57.22,44.54,32.76,19.63,5.59
2022-06-21,37.51,62.49,45.38,32.86,19.13,5.62
2022-06-28,31.35,68.65,47.73,32.86,17.57,3.87
2022-07-05,29.91,70.09,49.42,32.72,17.63,3.85
2022-07-12,35.33,64.67,44.98,27.19,14.38,3.9
2022-07-19,31.47,68.53,51.87,36.0,18.04,4.51
2022-07-26,31.93,68.07,51.94,37.06,19.61,4.44
2022-08-02,33.52,66.48,51.39,37.03,18.96,4.47
2022-08-09,34.41,65.59,50.11,36.24,18.62,4.31
2022-08-16,43.68,56.32,41.23,29.13,14.47,3.26
2022-08-23,35.62,64.38,46.91,32.76,14.71,2.59
2022-08-30,45.63,54.37,38.23,25.72,10.91,1.68
2022-09-06,36.28,63.72,44.02,28.95,11.42,1.73
2022-09-13,33.76,66.24,45.18,29.23,11.19,1.77
2022-09-20,31.02,68.98,48.91,29.79,11.68,2.24
2022-09-27,24.85,75.15,50.88,30.25,12.5,2.56
2022-10-04,22.6,77.4,52.55,32.4,13.7,2.68
2022-10-11,31.52,68.48,46.43,27.71,12.11,2.47
2022-10-18,17.77,82.23,59.35,34.42,14.68,3.05
2022-10-25,29.28,70.72,52.7,30.17,12.22,2.39
2022-11-01,14.72,85.28,62.78,36.35,14.44,2.97
2022-11-08,14.96,85.04,60.34,34.83,14.16,3.01
2022-11-15,18.09,81.91,59.08,32.92,13.94,2.84
2022-11-22,18.22,81.78,59.3,33.03,13.96,2.87
2022-11-29,33.27,66.73,48.1,26.88,10.87,2.33
2022-12-06,34.26,65.74,46.41,26.0,10.37,2.36
2022-12-13,35.03,64.97,44.51,25.18,9.43,1.97
2022-12-20,26.07,73.93,49.31,28.22,10.76,2.34
2022-12-27,38.05,61.95,41.5,23.58,8.99,1.96
2023-01-03,30.5,69.5,46.26,26.24,9.86,1.85
2023-01-10,44.32,55.68,36.78,20.1,7.02,1.5
2023-01-17,35.15,64.85,43.86,23.25,7.92,1.79
2023-01-24,37.08,62.92,42.99,21.67,7.48,1.78
2023-01-31,48.39,51.61,35.67,17.87,6.2,1.45
2023-02-07,49.5,50.5,34.99,16.39,5.29,1.48
2023-02-14,52.02,47.98,34.55,15.81,4.69,1.42
2023-02-21,51.98,48.02,34.7,15.26,4.57,1.37
2023-02-28,54.03,45.97,32.13,14.46,4.72,1.29
2023-03-07,54.13,45.87,31.45,13.98,4.43,1.27
2023-03-14,56.09,43.91,29.9,13.14,4.44,1.3
2023-03-21,55.97,44.03,28.86,12.26,4.15,1.45
2023-03-28,56.53,43.47,25.65,11.61,4.4,1.53
2023-04-04,56.86,43.14,23.63,11.21,4.54,1.6
2023-04-11,60.49,39.51,21.77,10.56,4.37,1.75
2023-04-18,61.08,38.92,21.61,10.42,4.63,1.87
2023-04-25,61.48,38.52,21.37,10.02,4.99,1.88
2023-05-02,61.6,38.4,20.42,9.82,5.13,1.51
2023-05-09,61.87,38.13,19.65,9.72,4.92,1.49
2023-05-16,65.41,34.59,17.02,7.95,3.61,1.22
2023-05-23,66.06,33.94,16.05,7.44,3.11,1.11
2023-05-30,58.13,41.87,15.84,6.8,2.74,1.04
2023-06-06,45.47,54.53,21.94,7.17,2.35,0.79
2023-06-13,45.53,54.47,24.98,6.9,2.17,0.72
2023-06-20,44.3,55.7,27.11,8.0,2.47,0.56
2023-06-27,46.52,53.48,27.0,9.26,2.59,0.58
2023-07-04,48.19,51.81,26.95,9.37,2.74,0.54
2023-07-11,51.3,48.7,26.87,9.44,2.58,0.39
2023-07-18,50.92,49.08,25.82,8.54,2.67,0.34
2023-07-25,49.62,50.38,27.13,9.78,2.62,0.26
2023-08-01,48.59,51.41,28.08,10.75,2.53,0.26
2023-08-08,48.93,51.07,30.46,11.68,2.75,0.23
2023-08-15,49.56,50.44,30.62,12.78,3.1,0.21
2023-08-22,49.97,50.03,32.72,17.43,5.77,1.2
2023-08-29,49.59,50.41,34.28,19.04,7.46,1.53
2023-09-05,49.02,50.98,36.02,21.84,9.01,1.97
2023-09-12,55.18,44.82,31.1,19.32,8.0,1.98
2023-09-19,53.18,46.82,31.71,19.63,9.44,2.52
2023-09-26,52.53,47.47,32.1,18.79,8.48,2.35
2023-10-03,50.88,49.12,33.62,19.41,8.35,2.45
2023-10-10,50.41,49.59,33.59,18.96,7.53,2.11
2023-10-17,51.02,48.98,33.22,18.92,7.28,2.1
2023-10-24,42.2,57.8,39.8,23.66,9.08,2.62
2023-10-31,54.37,45.63,30.68,17.65,6.62,1.82
2023-11-07,53.58,46.42,31.48,18.26,7.16,2.1
2023-11-14,44.25,55.75,37.45,21.46,8.99,2.76
2023-11-21,52.84,47.16,31.44,18.1,7.27,2.06
2023-11-28,53.21,46.79,30.28,17.12,6.54,1.78
2023-12-05,44.64,55.36,34.36,18.94,7.42,1.22
2023-12-12,43.99,56.01,33.52,18.35,6.33,1.09
2023-12-19,44.65,55.35,33.32,18.24,6.55,1.11
2023-12-26,45.71,54.29,32.35,16.74,6.44,1.16
2024-01-02,54.06,45.94,27.59,13.88,5.25,1.02
2024-01-09,55.14,44.86,26.71,12.78,4.51,0.68
2024-01-16,57.19,42.81,24.13,11.25,4.11,0.6
2024-01-23,58.2,41.8,22.95,10.86,3.72,0.57
2024-01-30,62.88,37.12,19.72,9.01,1.93,0.25
2024-02-06,64.98,35.02,17.79,7.73,1.63,0.23
2024-02-13,60.37,39.63,19.46,7.7,1.55,0.18
2024-02-20,58.72,41.28,19.82,7.65,1.44,0.14
2024-02-27,60.65,39.35,18.09,6.51,1.25,0.12
2024-03-05,60.25,39.75,18.32,6.54,1.27,0.12
2024-03-12,61.7,38.3,18.66,6.43,1.27,0.12
2024-03-19,55.88,44.12,21.21,6.89,1.43,0.14
2024-03-26,64.8,35.2,15.18,4.83,1.0,0.12
2024-04-02,58.91,41.09,18.01,5.49,1.18,0.14
2024-04-09,61.61,38.39,17.46,5.13,1.1,0.14
2024-04-16,61.38,38.62,17.9,5.2,1.07,0.14
2024-04-23,67.72,32.28,15.14,4.74,0.71,0.05
2024-04-30,62.74,37.26,16.96,5.75,0.85,0.06
2024-05-07,65.33,34.67,15.08,5.11,0.8,0.06
2024-05-14,68.98,31.02,13.98,4.86,0.81,0.06
2024-05-21,76.49,23.51,10.51,3.5,0.62,0.05
2024-05-28,77.44,22.56,10.5,3.54,0.6,0.05
2024-06-04,77.86,22.14,10.15,3.16,0.62,0.05
2024-06-11,75.1,24.9,9.84,2.82,0.59,0.01
2024-06-18,68.17,31.83,10.06,2.49,0.61,0.01
2024-06-25,60.79,39.21,13.63,2.43,0.6,0.01
2024-07-02,52.74,47.26,18.67,3.79,0.96,0.02
2024-07-09,58.57,41.43,16.44,4.04,0.94,0.01
2024-07-16,56.61,43.39,17.41,5.68,1.34,0.01
2024-07-23,58.83,41.17,16.96,5.25,1.19,0.06
2024-07-30,58.44,41.56,16.91,4.76,1.15,0.06
2024-08-06,47.63,52.37,21.49,6.07,1.42,0.21
2024-08-13,47.52,52.48,22.2,6.29,1.2,0.21
2024-08-20,52.79,47.21,20.1,6.11,1.48,0.17
2024-08-27,45.34,54.66,23.37,7.58,2.02,0.23
2024-09-03,44.78,55.22,25.24,7.2,1.91,0.28
2024-09-10,41.61,58.39,28.75,8.82,2.02,0.31
2024-09-17,29.74,70.26,35.59,10.74,2.75,0.44
2024-09-24,38.83,61.17,28.51,9.06,2.63,0.41
2024-10-01,40.48,59.52,26.35,7.77,2.28,0.41
2024-10-08,24.68,75.32,38.98,13.84,3.95,0.63
2024-10-15,22.5,77.5,45.02,17.65,4.75,0.63
2024-10-22,20.67,79.33,49.97,20.01,5.06,0.63
2024-10-29,12.84,87.16,54.08,27.58,6.52,0.63
2024-11-05,12.22,87.78,51.89,21.74,4.74,0.6
2024-11-12,17.13,82.87,49.84,20.52,4.93,0.68
2024-11-19,22.27,77.73,45.48,17.44,5.04,0.64
2024-11-26,38.14,61.86,34.66,13.67,4.11,0.5
2024-12-03,40.21,59.79,36.49,13.62,3.89,0.5
2024-12-10,26.83,73.17,43.98,15.87,4.86,0.56
2024-12-17,41.31,58.69,32.54,12.63,3.81,0.46
2024-12-24,41.42,58.58,33.15,12.81,3.89,0.46
2024-12-31,33.35,66.65,38.06,14.5,4.75,0.56
2025-01-07,45.14,54.86,30.86,12.36,3.98,0.46
2025-01-14,38.13,61.87,36.72,16.24,4.78,0.56
2025-01-21,46.96,53.04,31.5,13.85,4.54,0.46
2025-01-28,46.46,53.54,33.22,13.98,4.2,0.46
2025-02-04,30.73,69.27,42.38,17.64,6.96,0.66
2025-02-11,40.51,59.49,36.46,15.52,6.14,0.55
2025-02-18,42.52,57.48,33.41,14.52,5.96,0.55
2025-02-25,33.64,66.36,41.68,17.44,7.13,0.66
2025-03-04,32.94,67.06,44.41,18.82,7.19,1.06
2025-03-11,33.46,66.54,43.59,18.98,7.47,1.17
2025-03-18,33.23,66.77,44.27,20.07,7.82,1.62
2025-03-25,41.89,58.11,37.43,17.65,6.96,1.41
2025-04-01,42.55,57.45,36.32,17.74,6.92,1.41
2025-04-08,49.26,50.74,32.29,16.38,7.04,1.41
2025-04-15,49.17,50.83,32.56,16.63,7.11,1.86
2025-04-22,50.42,49.58,32.9,17.3,7.52,1.86
2025-04-29,52.65,47.35,31.03,16.35,7.83,1.73
2025-05-06,44.37,55.63,35.28,18.67,9.3,1.81
2025-05-13,44.97,55.03,33.24,18.22,8.59,1.87
2025-05-20,47.74,52.26,31.65,17.67,8.48,1.96
2025-05-27,49.3,50.7,31.05,17.35,8.21,1.92
2025-06-03,58.11,41.89,24.86,13.51,5.9,1.3
2025-06-10,52.3,47.7,29.91,15.07,6.15,1.32
2025-06-17,53.63,46.37,30.03,14.76,5.75,1.24
2025-06-24,50.69,49.31,30.66,15.35,5.76,1.24
2025-07-01,57.02,42.98,27.3,13.4,4.94,0.75
2025-07-08,51.92,48.08,31.07,15.96,5.64,0.75
2025-07-15,53.32,46.68,31.41,17.69,5.84,0.74
2025-07-22,54.35,45.65,31.38,17.36,5.43,0.38
2025-07-29,54.52,45.48,31.02,18.07,5.73,0.43
2025-08-05,55.44,44.56,29.85,17.95,5.93,0.38
2025-08-12,50.96,49.04,29.87,18.14,5.95,0.6
2025-08-19,54.91,45.09,26.77,16.47,5.59,0.48
2025-08-26,48.29,51.71,33.01,20.03,7.12,0.55
2025-09-02,49.98,50.02,29.13,17.45,5.75,0.26
2025-09-09,48.01,51.99,30.11,17.84,5.21,0.26
2025-09-16,33.63,66.37,40.81,23.07,6.02,0.29
2025-09-23,43.16,56.84,36.39,19.47,5.05,0.26
2025-09-30,41.52,58.48,36.03,19.54,4.65,0.25
2025-10-07,26.96,73.04,45.02,23.49,6.11,0.3
2025-10-14,25.96,74.04,45.6,22.95,5.42,0.19
2025-10-21,27.88,72.12,46.08,21.1,4.65,0.14
2025-10-28,30.8,69.2,43.6,20.98,4.17,0.1
2025-11-04,43.26,56.74,36.64,17.08,3.2,0.08
2025-11-11,43.02,56.98,37.24,16.6,3.12,0.01
2025-11-18,41.99,58.01,38.65,16.28,2.7,0.08
2025-11-25,43.32,56.68,36.09,14.34,2.32,0.17
2025-12-02,44.07,55.93,34.76,13.47,2.06,0.18
2025-12-09,33.82,66.18,40.29,14.95,1.91,0.03
2025-12-16,32.32,67.68,40.52,13.68,1.9,0.03
2025-12-23,30.79,69.21,41.44,14.1,2.02,0.05
2025-12-30,39.84,60.16,35.9,11.77,1.58,0.04
2026-01-06,29.74,70.26,44.82,15.7,1.91,0.05
2026-01-13,40.94,59.06,35.66,14.69,2.03,0.05
2026-01-20,40.56,59.44,36.89,15.84,2.58,0.09
2026-01-27,32.06,67.94,43.04,18.97,3.12,0.11
2026-02-03,29.51,70.49,44.53,19.54,3.61,0.11
2026-02-10,27.42,72.58,46.6,21.55,4.81,0.13
2026-02-17,26.27,73.73,48.58,22.56,5.99,0.15
2026-02-24,25.64,74.36,51.13,23.11,6.41,0.22
2026-03-03,23.0,77.0,54.88,24.66,6.92,0.36
2026-03-10,33.28,66.72,45.18,20.2,5.69,0.29
2026-03-17,34.06,65.94,45.81,20.96,5.75,0.38
2026-03-24,22.86,77.14,56.21,29.51,8.34,0.96
2026-03-31,19.99,80.01,59.91,34.68,14.63,1.97
2026-04-07,31.07,68.93,50.18,30.37,12.09,1.69
2026-04-14,32.34,67.66,51.0,33.35,13.13,1.83
2026-04-21,33.69,66.31,52.46,36.46,15.43,1.93
2026-04-28,24.62,75.38,61.68,43.83,19.15,2.41
